"","pmid","pmcid_pmc","pmcid_uid","doi","filename","is_relevant_data","is_relevant_code","article","is_open_data","open_data_category","is_open_code","open_data_statements","open_code_statements","is_success"
"1","32094336","","7039956","10.1038/s41368-020-0074-x","PMC 7039956.xml",TRUE,TRUE,"10.1038/s41368-020-0074-x",FALSE,"",FALSE,"","",TRUE
"2","32127517","","7054527","10.1038/s41368-020-0075-9","PMC 7054527.xml",TRUE,TRUE,"10.1038/s41368-020-0075-9",FALSE,"",FALSE,"","",TRUE
"3","32246280","","7118209","10.1007/s00784-020-03267-8","PMC 7118209.xml",TRUE,TRUE,"10.1007/s00784-020-03267-8",FALSE,"",FALSE,"","",TRUE
"4","32303420","","7128256","10.1016/j.jcms.2020.03.011","PMC 7128256.xml",TRUE,FALSE,"10.1016/j.jcms.2020.03.011",FALSE,"",FALSE,"","",TRUE
"5","32265088","","7132499","10.1016/j.ijom.2020.03.015","PMC 7132499.xml",TRUE,TRUE,"10.1016/j.ijom.2020.03.015",FALSE,"",FALSE,"","",TRUE
"6","32162995","","7140973","10.1177/0022034520914246","PMC 7140973.xml",TRUE,TRUE,"10.1177/0022034520914246",FALSE,"",FALSE,"","",TRUE
"7","32276721","","7141474","10.1016/j.adaj.2020.03.038","PMC 7141474.xml",TRUE,TRUE,"10.1016/j.adaj.2020.03.038",FALSE,"",FALSE,"","",TRUE
"8","32302529","","7144600","10.1016/j.joms.2020.03.036","PMC 7144600.xml",TRUE,FALSE,"10.1016/j.joms.2020.03.036",FALSE,"",FALSE,"","",TRUE
"9","32360053","","7151235","10.1016/j.joen.2020.04.001","PMC 7151235.xml",TRUE,TRUE,"10.1016/j.joen.2020.04.001",FALSE,"",FALSE,"","",TRUE
"10","32349902","","7151269","10.1016/j.bjoms.2020.03.024","PMC 7151269.xml",TRUE,FALSE,"10.1016/j.bjoms.2020.03.024",FALSE,"",FALSE,"","",TRUE
"11","32312585","","7151369","10.1016/j.bjoms.2020.04.003","PMC 7151369.xml",TRUE,TRUE,"10.1016/j.bjoms.2020.04.003",FALSE,"",FALSE,"","",TRUE
"12","32302530","","7151518","10.1016/j.joms.2020.04.004","PMC 7151518.xml",TRUE,FALSE,"10.1016/j.joms.2020.04.004",FALSE,"",FALSE,"","",TRUE
"13","32312584","","7152882","10.1016/j.bjoms.2020.04.002","PMC 7152882.xml",TRUE,FALSE,"10.1016/j.bjoms.2020.04.002",FALSE,"",FALSE,"","",TRUE
"14","32321662","","7161483","10.1016/j.bjoms.2020.04.008","PMC 7161483.xml",TRUE,FALSE,"10.1016/j.bjoms.2020.04.008",FALSE,"",FALSE,"","",TRUE
"15","32300101","","7162686","10.1038/s41368-020-0080-z","PMC 7162686.xml",TRUE,TRUE,"10.1038/s41368-020-0080-z",FALSE,"",FALSE,"","",TRUE
"16","32336398","","7180017","10.1016/j.bjoms.2020.03.001","PMC 7180017.xml",TRUE,FALSE,"10.1016/j.bjoms.2020.03.001",FALSE,"",FALSE,"","",TRUE
"17","32332959","","7180661","10.1038/s41415-020-1548-0","PMC 7180661.xml",TRUE,FALSE,"10.1038/s41415-020-1548-0",FALSE,"",FALSE,"","",TRUE
"18","32332957","","7180663","10.1038/s41415-020-1547-1","PMC 7180663.xml",TRUE,FALSE,"10.1038/s41415-020-1547-1",FALSE,"",FALSE,"","",TRUE
"19","32386671","","7183988","10.1016/j.bjoms.2020.04.025","PMC 7183988.xml",TRUE,FALSE,"10.1016/j.bjoms.2020.04.025",FALSE,"",FALSE,"","",TRUE
"20","32404268","","7194067","10.1016/j.joms.2020.04.040","PMC 7194067.xml",TRUE,TRUE,"10.1016/j.joms.2020.04.040",FALSE,"",FALSE,"","",TRUE
"21","32302531","","7194617","10.1016/j.joms.2020.03.045","PMC 7194617.xml",TRUE,TRUE,"10.1016/j.joms.2020.03.045",FALSE,"",FALSE,"","",TRUE
"22","32389541","","7194827","10.1016/j.joms.2020.04.034","PMC 7194827.xml",TRUE,FALSE,"10.1016/j.joms.2020.04.034",FALSE,"",FALSE,"","",TRUE
"23","32371146","","7195013","10.1016/j.joms.2020.04.033","PMC 7195013.xml",TRUE,FALSE,"10.1016/j.joms.2020.04.033",FALSE,"",FALSE,"","",TRUE
"24","32304660","","7195286","10.1016/j.joms.2020.04.016","PMC 7195286.xml",TRUE,FALSE,"10.1016/j.joms.2020.04.016",FALSE,"",FALSE,"","",TRUE
"25","32414678","","7196383","10.1016/j.ijom.2020.04.015","PMC 7196383.xml",TRUE,FALSE,"10.1016/j.ijom.2020.04.015",FALSE,"",FALSE,"","",TRUE
"26","32414539","","7196423","10.1016/j.bjoms.2020.04.035","PMC 7196423.xml",TRUE,TRUE,"10.1016/j.bjoms.2020.04.035",FALSE,"",FALSE,"","",TRUE
"27","32418760","","7200369","10.1016/j.bjoms.2020.04.043","PMC 7200369.xml",TRUE,FALSE,"10.1016/j.bjoms.2020.04.043",FALSE,"",FALSE,"","",TRUE
"28","32382932","","7203724","10.1007/s00784-020-03291-8","PMC 7203724.xml",TRUE,FALSE,"10.1007/s00784-020-03291-8",FALSE,"",FALSE,"","",TRUE
"29","32422193","","7211597","10.1016/j.joms.2020.04.047","PMC 7211597.xml",TRUE,FALSE,"10.1016/j.joms.2020.04.047",FALSE,"",FALSE,"","",TRUE
"30","32418763","","7211666","10.1016/j.bjoms.2020.04.047","PMC 7211666.xml",TRUE,FALSE,"10.1016/j.bjoms.2020.04.047",FALSE,"",FALSE,"","",TRUE
"31","32422192","","7211734","10.1016/j.joms.2020.05.003","PMC 7211734.xml",TRUE,TRUE,"10.1016/j.joms.2020.05.003",FALSE,"",FALSE,"","",TRUE
"32","32401942","","7213779","10.1590/1678-7757-2020-0263","PMC 7213779.xml",TRUE,TRUE,"10.1590/1678-7757-2020-0263",FALSE,"",FALSE,"","",TRUE
"33","32631754","","7214297","10.1016/j.bjoms.2020.05.008","PMC 7214297.xml",TRUE,FALSE,"10.1016/j.bjoms.2020.05.008",FALSE,"",FALSE,"","",TRUE
"34","32631753","","7214313","10.1016/j.bjoms.2020.05.009","PMC 7214313.xml",TRUE,FALSE,"10.1016/j.bjoms.2020.05.009",FALSE,"",FALSE,"","",TRUE
"35","32428459","","7215154","10.1016/j.joms.2020.05.007","PMC 7215154.xml",TRUE,FALSE,"10.1016/j.joms.2020.05.007",FALSE,"",FALSE,"","",TRUE
"36","32405152","","7218376","10.1016/j.ajodo.2020.04.016","PMC 7218376.xml",TRUE,FALSE,"10.1016/j.ajodo.2020.04.016",FALSE,"",FALSE,"","",TRUE
"37","32405606","","7219354","10.1016/j.jormas.2020.05.005","PMC 7219354.xml",TRUE,FALSE,"10.1016/j.jormas.2020.05.005",FALSE,"",FALSE,"","",TRUE
"38","32425296","","7227514","10.1016/j.joms.2020.05.016","PMC 7227514.xml",TRUE,FALSE,"10.1016/j.joms.2020.05.016",FALSE,"",FALSE,"","",TRUE
"39","32444742","","7243221","10.1038/s41415-020-1639-y","PMC 7243221.xml",TRUE,TRUE,"10.1038/s41415-020-1639-y",FALSE,"",FALSE,"","",TRUE
"40","32444743","","7243239","10.1038/s41415-020-1646-z","PMC 7243239.xml",TRUE,FALSE,"10.1038/s41415-020-1646-z",FALSE,"",FALSE,"","",TRUE
"41","32513429","","7245279","10.1016/j.bjoms.2020.05.021","PMC 7245279.xml",TRUE,FALSE,"10.1016/j.bjoms.2020.05.021",FALSE,"",FALSE,"","",TRUE
"42","32479811","","7246053","10.1016/j.joms.2020.05.027","PMC 7246053.xml",TRUE,TRUE,"10.1016/j.joms.2020.05.027",FALSE,"",FALSE,"","",TRUE
"43","32482348","","7247479","10.1016/j.bjoms.2020.05.020","PMC 7247479.xml",TRUE,FALSE,"10.1016/j.bjoms.2020.05.020",FALSE,"",FALSE,"","",TRUE
"44","32386670","","7252051","10.1016/j.bjoms.2020.04.033","PMC 7252051.xml",TRUE,FALSE,"10.1016/j.bjoms.2020.04.033",FALSE,"",FALSE,"","",TRUE
"45","32386672","","7252185","10.1016/j.bjoms.2020.04.030","PMC 7252185.xml",TRUE,FALSE,"10.1016/j.bjoms.2020.04.030",FALSE,"",FALSE,"","",TRUE
"46","32473915","","7255160","10.1016/j.joms.2020.05.029","PMC 7255160.xml",TRUE,FALSE,"10.1016/j.joms.2020.05.029",FALSE,"",FALSE,"","",TRUE
"47","32473182","","7255191","10.1016/j.jdent.2020.103387","PMC 7255191.xml",TRUE,TRUE,"10.1016/j.jdent.2020.103387",FALSE,"",FALSE,"","",TRUE
"48","32304276","","7264805","10.1111/odi.13359","PMC 7264805.xml",TRUE,FALSE,"10.1111/odi.13359",FALSE,"",FALSE,"","",TRUE
"49","32357257","","7267233","10.1111/iej.13313","PMC 7267233.xml",TRUE,TRUE,"10.1111/iej.13313",FALSE,"",FALSE,"","",TRUE
"50","32367576","","7267240","10.1111/omi.12289","PMC 7267240.xml",TRUE,FALSE,"10.1111/omi.12289",FALSE,"",FALSE,"","",TRUE
"51","32369674","","7267423","10.1111/odi.13382","PMC 7267423.xml",TRUE,FALSE,"10.1111/odi.13382",FALSE,"",FALSE,"","",TRUE
"52","32333518","","7267504","10.1111/odi.13368","PMC 7267504.xml",TRUE,TRUE,"10.1111/odi.13368",FALSE,"",FALSE,"","",TRUE
"53","32273156","","7270628","10.1016/j.joen.2020.03.008","PMC 7270628.xml",TRUE,FALSE,"10.1016/j.joen.2020.03.008",FALSE,"",FALSE,"","",TRUE
"54","32391651","","7272817","10.1111/odi.13408","PMC 7272817.xml",TRUE,FALSE,"10.1111/odi.13408",FALSE,"",FALSE,"","",TRUE
"55","32407597","","7272863","10.1111/ger.12473","PMC 7272863.xml",TRUE,FALSE,"10.1111/ger.12473",FALSE,"",FALSE,"","",TRUE
"56","32394605","","7272881","10.1111/eje.12542","PMC 7272881.xml",TRUE,FALSE,"10.1111/eje.12542",FALSE,"",FALSE,"","",TRUE
"57","32390264","","7272918","10.1111/odi.13407","PMC 7272918.xml",TRUE,FALSE,"10.1111/odi.13407",FALSE,"",FALSE,"","",TRUE
"58","32401373","","7272980","10.1111/odi.13410","PMC 7272980.xml",TRUE,FALSE,"10.1111/odi.13410",FALSE,"",FALSE,"","",TRUE
"59","32392364","","7273100","10.1111/odi.13406","PMC 7273100.xml",TRUE,FALSE,"10.1111/odi.13406",FALSE,"",FALSE,"","",TRUE
"60","32682660","","7274582","10.1016/j.ajodo.2020.05.006","PMC 7274582.xml",TRUE,TRUE,"10.1016/j.ajodo.2020.05.006",FALSE,"",FALSE,"","",TRUE
"61","32525056","","7275999","10.1016/j.joen.2020.05.012","PMC 7275999.xml",TRUE,TRUE,"10.1016/j.joen.2020.05.012",FALSE,"",FALSE,"","",TRUE
"62","32428281","","7276771","10.1111/odi.13417","PMC 7276771.xml",TRUE,FALSE,"10.1111/odi.13417",FALSE,"",FALSE,"","",TRUE
"63","32428372","","7280672","10.1111/odi.13431","PMC 7280672.xml",TRUE,TRUE,"10.1111/odi.13431",FALSE,"",FALSE,"","",TRUE
"64","32404622","","7282403","10.1097/SCS.0000000000006565","PMC 7282403.xml",TRUE,FALSE,"10.1097/SCS.0000000000006565",FALSE,"",FALSE,"","",TRUE
"65","32404623","","7282404","10.1097/SCS.0000000000006654","PMC 7282404.xml",TRUE,FALSE,"10.1097/SCS.0000000000006654",FALSE,"",FALSE,"","",TRUE
"66","32398624","","7282405","10.1097/SCS.0000000000006574","PMC 7282405.xml",TRUE,FALSE,"10.1097/SCS.0000000000006574",FALSE,"",FALSE,"","",TRUE
"67","32398625","","7282409","10.1097/SCS.0000000000006601","PMC 7282409.xml",TRUE,TRUE,"10.1097/SCS.0000000000006601",FALSE,"",FALSE,"","",TRUE
"68","32472897","","7282411","10.1097/SCS.0000000000006658","PMC 7282411.xml",TRUE,FALSE,"10.1097/SCS.0000000000006658",FALSE,"",FALSE,"","",TRUE
"69","32447777","","7283718","10.1111/scd.12472","PMC 7283718.xml",TRUE,FALSE,"10.1111/scd.12472",FALSE,"",FALSE,"","",TRUE
"70","32460440","","7283773","10.1111/odi.13442","PMC 7283773.xml",TRUE,FALSE,"10.1111/odi.13442",FALSE,"",FALSE,"","",TRUE
"71","32449999","","7283847","10.1111/ocr.12395","PMC 7283847.xml",TRUE,FALSE,"10.1111/ocr.12395",FALSE,"",FALSE,"","",TRUE
"72","32452587","","7283863","10.1111/odi.13438","PMC 7283863.xml",TRUE,FALSE,"10.1111/odi.13438",FALSE,"",FALSE,"","",TRUE
"73","32462660","","7283880","10.1002/jdd.12237","PMC 7283880.xml",TRUE,FALSE,"10.1002/jdd.12237",FALSE,"",FALSE,"","",TRUE
"74","32541745","","7294194","10.1038/s41415-020-1708-2","PMC 7294194.xml",TRUE,FALSE,"10.1038/s41415-020-1708-2",FALSE,"",FALSE,"","",TRUE
"75","32557183","","7298449","10.1007/s40368-020-00547-5","PMC 7298449.xml",TRUE,TRUE,"10.1007/s40368-020-00547-5",FALSE,"",FALSE,"","",TRUE
"76","32576467","","7298505","10.1016/j.bjoms.2020.06.011","PMC 7298505.xml",TRUE,FALSE,"10.1016/j.bjoms.2020.06.011",FALSE,"",FALSE,"","",TRUE
"77","32506779","","7300564","10.1111/odi.13459","PMC 7300564.xml",TRUE,TRUE,"10.1111/odi.13459",FALSE,"",FALSE,"","",TRUE
"78","32511851","","7300649","10.1111/jopr.13209","PMC 7300649.xml",TRUE,FALSE,"10.1111/jopr.13209",FALSE,"",FALSE,"","",TRUE
"79","32488877","","7300654","10.1002/jdd.12234","PMC 7300654.xml",TRUE,TRUE,"10.1002/jdd.12234",FALSE,"",FALSE,"","",TRUE
"80","32474996","","7300710","10.1111/odi.13453","PMC 7300710.xml",FALSE,FALSE,"10.1111/odi.13453",FALSE,"",FALSE,"","",TRUE
"81","32472974","","7300727","10.1111/odi.13444","PMC 7300727.xml",TRUE,FALSE,"10.1111/odi.13444",FALSE,"",FALSE,"","",TRUE
"82","32475028","","7300786","10.1111/odi.13449","PMC 7300786.xml",TRUE,FALSE,"10.1111/odi.13449",FALSE,"",FALSE,"","",TRUE
"83","32475006","","7300831","10.1111/odi.13447","PMC 7300831.xml",TRUE,FALSE,"10.1111/odi.13447",FALSE,"",FALSE,"","",TRUE
"84","32506757","","7300840","10.1111/odi.13460","PMC 7300840.xml",TRUE,FALSE,"10.1111/odi.13460",FALSE,"",FALSE,"","",TRUE
"85","32506445","","7300848","10.1002/jdd.12248","PMC 7300848.xml",TRUE,TRUE,"10.1002/jdd.12248",FALSE,"",FALSE,"","",TRUE
"86","32500586","","7301023","10.1002/jdd.12236","PMC 7301023.xml",TRUE,TRUE,"10.1002/jdd.12236",FALSE,"",FALSE,"","",TRUE
"87","32576468","","7303632","10.1016/j.bjoms.2020.06.012","PMC 7303632.xml",TRUE,TRUE,"10.1016/j.bjoms.2020.06.012",FALSE,"",FALSE,"","",TRUE
"88","32660877","","7305874","10.1016/j.bjoms.2020.06.021","PMC 7305874.xml",TRUE,FALSE,"10.1016/j.bjoms.2020.06.021",FALSE,"",FALSE,"","",TRUE
"89","32654931","","7305926","10.1016/j.oooo.2020.06.011","PMC 7305926.xml",TRUE,FALSE,"10.1016/j.oooo.2020.06.011",FALSE,"",FALSE,"","",TRUE
"90","32577830","","7309196","10.1007/s00784-020-03413-2","PMC 7309196.xml",TRUE,FALSE,"10.1007/s00784-020-03413-2",FALSE,"",FALSE,"","",TRUE
"91","32653307","","7315945","10.1016/j.joms.2020.06.029","PMC 7315945.xml",TRUE,FALSE,"10.1016/j.joms.2020.06.029",FALSE,"",FALSE,"","",TRUE
"92","32591661","","7317243","10.1038/s41432-020-0102-x","PMC 7317243.xml",TRUE,FALSE,"10.1038/s41432-020-0102-x",FALSE,"",FALSE,"","",TRUE
"93","32591653","","7317244","10.1038/s41432-020-0089-3","PMC 7317244.xml",TRUE,FALSE,"10.1038/s41432-020-0089-3",FALSE,"",FALSE,"","",TRUE
"94","32591651","","7317247","10.1038/s41432-020-0099-1","PMC 7317247.xml",TRUE,FALSE,"10.1038/s41432-020-0099-1",FALSE,"",FALSE,"","",TRUE
"95","32591656","","7317249","10.1038/s41432-020-0092-8","PMC 7317249.xml",TRUE,FALSE,"10.1038/s41432-020-0092-8",FALSE,"",FALSE,"","",TRUE
"96","32591664","","7317250","10.1038/s41432-020-0098-2","PMC 7317250.xml",TRUE,FALSE,"10.1038/s41432-020-0098-2",FALSE,"",FALSE,"","",TRUE
"97","32591659","","7317251","10.1038/s41432-020-0094-6","PMC 7317251.xml",TRUE,FALSE,"10.1038/s41432-020-0094-6",FALSE,"",FALSE,"","",TRUE
"98","32591663","","7317252","10.1038/s41432-020-0096-4","PMC 7317252.xml",TRUE,FALSE,"10.1038/s41432-020-0096-4",FALSE,"",FALSE,"","",TRUE
"99","32591665","","7317255","10.1038/s41432-020-0103-9","PMC 7317255.xml",TRUE,FALSE,"10.1038/s41432-020-0103-9",FALSE,"",FALSE,"","",TRUE
"100","32591654","","7317257","10.1038/s41432-020-0090-x","PMC 7317257.xml",TRUE,FALSE,"10.1038/s41432-020-0090-x",FALSE,"",FALSE,"","",TRUE
"101","32591657","","7317258","10.1038/s41432-020-0091-9","PMC 7317258.xml",TRUE,FALSE,"10.1038/s41432-020-0091-9",FALSE,"",FALSE,"","",TRUE
"102","32591667","","7317259","10.1038/s41432-020-0105-7","PMC 7317259.xml",TRUE,FALSE,"10.1038/s41432-020-0105-7",FALSE,"",FALSE,"","",TRUE
"103","32591652","","7317264","10.1038/s41432-020-0088-4","PMC 7317264.xml",TRUE,FALSE,"10.1038/s41432-020-0088-4",FALSE,"",FALSE,"","",TRUE
"104","32591666","","7317271","10.1038/s41432-020-0104-8","PMC 7317271.xml",TRUE,FALSE,"10.1038/s41432-020-0104-8",FALSE,"",FALSE,"","",TRUE
"105","32591662","","7317272","10.1038/s41432-020-0101-y","PMC 7317272.xml",TRUE,FALSE,"10.1038/s41432-020-0101-y",FALSE,"",FALSE,"","",TRUE
"106","32591655","","7317274","10.1038/s41432-020-0100-z","PMC 7317274.xml",TRUE,FALSE,"10.1038/s41432-020-0100-z",FALSE,"",FALSE,"","",TRUE
"107","32599093","","7318987","10.1016/j.jormas.2020.06.010","PMC 7318987.xml",TRUE,FALSE,"10.1016/j.jormas.2020.06.010",FALSE,"",FALSE,"","",TRUE
"108","32591713","","7319191","10.1038/s41415-020-1716-2","PMC 7319191.xml",TRUE,TRUE,"10.1038/s41415-020-1716-2",FALSE,"",FALSE,"","",TRUE
"109","32591702","","7319204","10.1038/s41415-020-1781-6","PMC 7319204.xml",TRUE,TRUE,"10.1038/s41415-020-1781-6",FALSE,"",FALSE,"","",TRUE
"110","32591714","","7319209","10.1038/s41415-020-1747-8","PMC 7319209.xml",TRUE,FALSE,"10.1038/s41415-020-1747-8",FALSE,"",FALSE,"","",TRUE
"111","32591704","","7319211","10.1038/s41415-020-1702-8","PMC 7319211.xml",TRUE,TRUE,"10.1038/s41415-020-1702-8",FALSE,"",FALSE,"","",TRUE
"112","32591712","","7319217","10.1038/s41415-020-1713-5","PMC 7319217.xml",TRUE,FALSE,"10.1038/s41415-020-1713-5",FALSE,"",FALSE,"","",TRUE
"113","32591703","","7319221","10.1038/s41415-020-1709-1","PMC 7319221.xml",TRUE,FALSE,"10.1038/s41415-020-1709-1",FALSE,"",FALSE,"","",TRUE
"114","32591701","","7319222","10.1038/s41415-020-1705-5","PMC 7319222.xml",TRUE,FALSE,"10.1038/s41415-020-1705-5",FALSE,"",FALSE,"","",TRUE
"115","32533874","","7322988","10.1111/odi.13488","PMC 7322988.xml",TRUE,FALSE,"10.1111/odi.13488",FALSE,"",FALSE,"","",TRUE
"116","32542782","","7322989","10.1111/jopr.13207","PMC 7322989.xml",TRUE,FALSE,"10.1111/jopr.13207",FALSE,"",FALSE,"","",TRUE
"117","32537751","","7323377","10.1002/jdd.12251","PMC 7323377.xml",TRUE,FALSE,"10.1002/jdd.12251",FALSE,"",FALSE,"","",TRUE
"118","32542796","","7323383","10.1111/eje.12555","PMC 7323383.xml",TRUE,TRUE,"10.1111/eje.12555",FALSE,"",FALSE,"","",TRUE
"119","32607830","","7326529","10.1007/s00784-020-03440-z","PMC 7326529.xml",TRUE,TRUE,"10.1007/s00784-020-03440-z",FALSE,"",FALSE,"","",TRUE
"120","32854871","","7328601","10.1016/j.adaj.2020.06.039","PMC 7328601.xml",TRUE,FALSE,"10.1016/j.adaj.2020.06.039",FALSE,"",FALSE,"","",TRUE
"121","32636093","","7334942","10.1016/j.bjoms.2020.06.022","PMC 7334942.xml",TRUE,FALSE,"10.1016/j.bjoms.2020.06.022",FALSE,"",FALSE,"","",TRUE
"122","32520921","","7338069","10.4317/medoral.24044","PMC 7338069.xml",FALSE,FALSE,"10.4317/medoral.24044",FALSE,"",FALSE,"","",TRUE
"123","32682653","","7346801","10.1016/j.bjoms.2020.07.004","PMC 7346801.xml",TRUE,FALSE,"10.1016/j.bjoms.2020.07.004",FALSE,"",FALSE,"","",TRUE
"124","32651512","","7348558","10.1038/s41415-020-1784-3","PMC 7348558.xml",TRUE,FALSE,"10.1038/s41415-020-1784-3",FALSE,"",FALSE,"","",TRUE
"125","32651513","","7348561","10.1038/s41415-020-1782-5","PMC 7348561.xml",TRUE,TRUE,"10.1038/s41415-020-1782-5",FALSE,"",FALSE,"","",TRUE
"126","32650753","","7349471","10.1186/s12903-020-01187-3","PMC 7349471.xml",TRUE,TRUE,"10.1186/s12903-020-01187-3",FALSE,"",FALSE,"","",TRUE
"127","32863086","","7351383","10.1016/j.ajodo.2020.07.005","PMC 7351383.xml",TRUE,FALSE,"10.1016/j.ajodo.2020.07.005",FALSE,"",FALSE,"","",TRUE
"128","32778470","","7351407","10.1016/j.prosdent.2020.06.004","PMC 7351407.xml",TRUE,FALSE,"10.1016/j.prosdent.2020.06.004",FALSE,"",FALSE,"","",TRUE
"129","33616049","","7361251","10.1111/idj.12601","PMC 7361251.xml",TRUE,FALSE,"10.1111/idj.12601",FALSE,"",FALSE,"","",TRUE
"130","33616050","","7361318","10.1111/idj.12603","PMC 7361318.xml",TRUE,FALSE,"10.1111/idj.12603",FALSE,"",FALSE,"","",TRUE
"131","32597513","","7361353","10.1111/odi.13518","PMC 7361353.xml",TRUE,FALSE,"10.1111/odi.13518",FALSE,"",FALSE,"","",TRUE
"132","32640483","","7361440","10.1111/odi.13539","PMC 7361440.xml",TRUE,TRUE,"10.1111/odi.13539",FALSE,"",FALSE,"","",TRUE
"133","32589807","","7361527","10.1002/jdd.12291","PMC 7361527.xml",TRUE,FALSE,"10.1002/jdd.12291",FALSE,"",FALSE,"","",TRUE
"134","32608097","","7361576","10.1111/jopr.13220","PMC 7361576.xml",TRUE,FALSE,"10.1111/jopr.13220",FALSE,"",FALSE,"","",TRUE
"135","32623715","","7361634","10.1002/jdd.12300","PMC 7361634.xml",TRUE,FALSE,"10.1002/jdd.12300",FALSE,"",FALSE,"","",TRUE
"136","32615642","","7362147","10.1111/odi.13526","PMC 7362147.xml",TRUE,FALSE,"10.1111/odi.13526",FALSE,"",FALSE,"","",TRUE
"137","32614499","","7362159","10.1111/odi.13520","PMC 7362159.xml",TRUE,FALSE,"10.1111/odi.13520",FALSE,"",FALSE,"","",TRUE
"138","32777246","","7364142","10.1016/j.joms.2020.07.015","PMC 7364142.xml",TRUE,FALSE,"10.1016/j.joms.2020.07.015",FALSE,"",FALSE,"","",TRUE
"139","32711946","","7365060","10.1016/j.bjoms.2020.07.010","PMC 7365060.xml",TRUE,FALSE,"10.1016/j.bjoms.2020.07.010",FALSE,"",FALSE,"","",TRUE
"140","32745533","","7366104","10.1016/j.joms.2020.07.012","PMC 7366104.xml",TRUE,TRUE,"10.1016/j.joms.2020.07.012",FALSE,"",FALSE,"","",TRUE
"141","32693111","","7368403","10.1016/j.jdent.2020.103434","PMC 7368403.xml",TRUE,FALSE,"10.1016/j.jdent.2020.103434",FALSE,"",FALSE,"","",TRUE
"142","32822615","","7377997","10.1016/j.joms.2020.07.027","PMC 7377997.xml",TRUE,FALSE,"10.1016/j.joms.2020.07.027",FALSE,"",FALSE,"","",TRUE
"143","32802237","","7378155","10.36834/cmej.69322","PMC 7378155.xml",TRUE,FALSE,"10.36834/cmej.69322",FALSE,"",FALSE,"","",TRUE
"144","32710053","","7380139","10.1038/s41415-020-1854-6","PMC 7380139.xml",TRUE,FALSE,"10.1038/s41415-020-1854-6",FALSE,"",FALSE,"","",TRUE
"145","32710056","","7380151","10.1038/s41415-020-1842-x","PMC 7380151.xml",TRUE,TRUE,"10.1038/s41415-020-1842-x",FALSE,"",FALSE,"","",TRUE
"146","32710060","","7380157","10.1038/s41415-020-1924-9","PMC 7380157.xml",TRUE,FALSE,"10.1038/s41415-020-1924-9",FALSE,"",FALSE,"","",TRUE
"147","32710059","","7380159","10.1038/s41415-020-1843-9","PMC 7380159.xml",TRUE,FALSE,"10.1038/s41415-020-1843-9",FALSE,"",FALSE,"","",TRUE
"148","32710064","","7380160","10.1038/s41415-020-1792-3","PMC 7380160.xml",TRUE,TRUE,"10.1038/s41415-020-1792-3",FALSE,"",FALSE,"","",TRUE
"149","32502107","","7382404","10.1097/SCS.0000000000006696","PMC 7382404.xml",TRUE,FALSE,"10.1097/SCS.0000000000006696",FALSE,"",FALSE,"","",TRUE
"150","32541273","","7382405","10.1097/SCS.0000000000006724","PMC 7382405.xml",TRUE,TRUE,"10.1097/SCS.0000000000006724",FALSE,"",FALSE,"","",TRUE
"151","32649560","","7382406","10.1097/SCS.0000000000006753","PMC 7382406.xml",TRUE,FALSE,"10.1097/SCS.0000000000006753",FALSE,"",FALSE,"","",TRUE
"152","32649538","","7382409","10.1097/SCS.0000000000006797","PMC 7382409.xml",TRUE,FALSE,"10.1097/SCS.0000000000006797",FALSE,"",FALSE,"","",TRUE
"153","32472898","","7382410","10.1097/SCS.0000000000006694","PMC 7382410.xml",TRUE,FALSE,"10.1097/SCS.0000000000006694",FALSE,"",FALSE,"","",TRUE
"154","32649566","","7382411","10.1097/SCS.0000000000006798","PMC 7382411.xml",TRUE,FALSE,"10.1097/SCS.0000000000006798",FALSE,"",FALSE,"","",TRUE
"155","32649548","","7382412","10.1097/SCS.0000000000006723","PMC 7382412.xml",TRUE,TRUE,"10.1097/SCS.0000000000006723",FALSE,"",FALSE,"","",TRUE
"156","32649559","","7382413","10.1097/SCS.0000000000006752","PMC 7382413.xml",TRUE,FALSE,"10.1097/SCS.0000000000006752",FALSE,"",FALSE,"","",TRUE
"157","32657995","","7382414","10.1097/SCS.0000000000006844","PMC 7382414.xml",TRUE,FALSE,"10.1097/SCS.0000000000006844",FALSE,"",FALSE,"","",TRUE
"158","32472899","","7382420","10.1097/SCS.0000000000006722","PMC 7382420.xml",TRUE,FALSE,"10.1097/SCS.0000000000006722",FALSE,"",FALSE,"","",TRUE
"159","32811723","","7382926","10.1016/j.bjoms.2020.07.017","PMC 7382926.xml",TRUE,FALSE,"10.1016/j.bjoms.2020.07.017",FALSE,"",FALSE,"","",TRUE
"160","32839075","","7386292","10.1016/j.ajodo.2020.07.014","PMC 7386292.xml",TRUE,TRUE,"10.1016/j.ajodo.2020.07.014",FALSE,"",FALSE,"","",TRUE
"161","32807595","","7392048","10.1016/j.bjoms.2020.07.030","PMC 7392048.xml",TRUE,TRUE,"10.1016/j.bjoms.2020.07.030",FALSE,"",FALSE,"","",TRUE
"162","32900674","","7395630","10.1016/j.ejwf.2020.07.004","PMC 7395630.xml",TRUE,TRUE,"10.1016/j.ejwf.2020.07.004",FALSE,"",FALSE,"","",TRUE
"163","32744907","","7399563","10.1177/0022034520946251","PMC 7399563.xml",TRUE,FALSE,"10.1177/0022034520946251",FALSE,"",FALSE,"","",TRUE
"164","32768366","","7403126","10.1016/j.ejwf.2020.07.001","PMC 7403126.xml",TRUE,FALSE,"10.1016/j.ejwf.2020.07.001",FALSE,"",FALSE,"","",TRUE
"165","32673404","","7404519","10.1002/jdd.12319","PMC 7404519.xml",TRUE,FALSE,"10.1002/jdd.12319",FALSE,"",FALSE,"","",TRUE
"166","32666512","","7404760","10.1002/jdd.12323","PMC 7404760.xml",TRUE,TRUE,"10.1002/jdd.12323",FALSE,"",FALSE,"","",TRUE
"167","32686154","","7404836","10.1002/jdd.12339","PMC 7404836.xml",TRUE,TRUE,"10.1002/jdd.12339",FALSE,"",FALSE,"","",TRUE
"168","32654328","","7404882","10.1111/eje.12561","PMC 7404882.xml",TRUE,FALSE,"10.1111/eje.12561",FALSE,"",FALSE,"","",TRUE
"169","32663338","","7404936","10.1002/jdd.12302","PMC 7404936.xml",TRUE,TRUE,"10.1002/jdd.12302",FALSE,"",FALSE,"","",TRUE
"170","32666559","","7405061","10.1002/jdd.12332","PMC 7405061.xml",TRUE,FALSE,"10.1002/jdd.12332",FALSE,"",FALSE,"","",TRUE
"171","32696473","","7405079","10.1111/odi.13568","PMC 7405079.xml",TRUE,TRUE,"10.1111/odi.13568",FALSE,"",FALSE,"","",TRUE
"172","32706510","","7405138","10.1111/scd.12498","PMC 7405138.xml",TRUE,TRUE,"10.1111/scd.12498",FALSE,"",FALSE,"","",TRUE
"173","32779736","","7405148","10.1111/iej.13368","PMC 7405148.xml",TRUE,TRUE,"10.1111/iej.13368",FALSE,"",FALSE,"","",TRUE
"174","32648989","","7405200","10.1111/eje.12569","PMC 7405200.xml",TRUE,TRUE,"10.1111/eje.12569",FALSE,"",FALSE,"","",TRUE
"175","32700370","","7405394","10.1002/jdd.12310","PMC 7405394.xml",TRUE,FALSE,"10.1002/jdd.12310",FALSE,"",FALSE,"","",TRUE
"176","32666519","","7405409","10.1002/jdd.12322","PMC 7405409.xml",TRUE,FALSE,"10.1002/jdd.12322",FALSE,"",FALSE,"","",TRUE
"177","32666544","","7405490","10.1002/jdd.12326","PMC 7405490.xml",TRUE,FALSE,"10.1002/jdd.12326",FALSE,"",FALSE,"","",TRUE
"178","32828571","","7420613","10.1016/j.bjoms.2020.07.042","PMC 7420613.xml",TRUE,FALSE,"10.1016/j.bjoms.2020.07.042",FALSE,"",FALSE,"","",TRUE
"179","32801323","","7427495","10.1038/s41415-020-1919-6","PMC 7427495.xml",TRUE,FALSE,"10.1038/s41415-020-1919-6",FALSE,"",FALSE,"","",TRUE
"180","32859459","","7428696","10.1016/j.bjoms.2020.08.016","PMC 7428696.xml",TRUE,FALSE,"10.1016/j.bjoms.2020.08.016",FALSE,"",FALSE,"","",TRUE
"181","32818564","","7431398","10.1016/j.joen.2020.08.001","PMC 7431398.xml",TRUE,TRUE,"10.1016/j.joen.2020.08.001",FALSE,"",FALSE,"","",TRUE
"182","32811936","","7431740","10.1038/s41415-020-1920-0","PMC 7431740.xml",TRUE,FALSE,"10.1038/s41415-020-1920-0",FALSE,"",FALSE,"","",TRUE
"183","32811949","","7431749","10.1038/s41415-020-1918-7","PMC 7431749.xml",TRUE,TRUE,"10.1038/s41415-020-1918-7",FALSE,"",FALSE,"","",TRUE
"184","33353769","","7434382","10.1016/j.bjoms.2020.08.055","PMC 7434382.xml",TRUE,FALSE,"10.1016/j.bjoms.2020.08.055",FALSE,"",FALSE,"","",TRUE
"185","32981871","","7434462","10.1016/j.oooo.2020.08.012","PMC 7434462.xml",TRUE,TRUE,"10.1016/j.oooo.2020.08.012",FALSE,"",FALSE,"","",TRUE
"186","33071050","","7434494","10.1016/j.bjoms.2020.08.056","PMC 7434494.xml",TRUE,FALSE,"10.1016/j.bjoms.2020.08.056",FALSE,"",FALSE,"","",TRUE
"187","33008625","","7435322","10.1016/j.bjoms.2020.08.070","PMC 7435322.xml",TRUE,TRUE,"10.1016/j.bjoms.2020.08.070",FALSE,"",FALSE,"","",TRUE
"188","32981760","","7435348","10.1016/j.bjoms.2020.08.072","PMC 7435348.xml",TRUE,FALSE,"10.1016/j.bjoms.2020.08.072",FALSE,"",FALSE,"","",TRUE
"189","33208288","","7435349","10.1016/j.bjoms.2020.08.065","PMC 7435349.xml",TRUE,FALSE,"10.1016/j.bjoms.2020.08.065",FALSE,"",FALSE,"","",TRUE
"190","32749707","","7436211","10.1002/jdd.12359","PMC 7436211.xml",TRUE,TRUE,"10.1002/jdd.12359",FALSE,"",FALSE,"","",TRUE
"191","32790940","","7436214","10.1111/edt.12589","PMC 7436214.xml",TRUE,FALSE,"10.1111/edt.12589",FALSE,"",FALSE,"","",TRUE
"192","32772370","","7436295","10.1002/jdd.12361","PMC 7436295.xml",TRUE,FALSE,"10.1002/jdd.12361",FALSE,"",FALSE,"","",TRUE
"193","32789943","","7436321","10.1111/eje.12589","PMC 7436321.xml",TRUE,TRUE,"10.1111/eje.12589",FALSE,"",FALSE,"","",TRUE
"194","32738815","","7436400","10.1002/jdd.12358","PMC 7436400.xml",TRUE,FALSE,"10.1002/jdd.12358",FALSE,"",FALSE,"","",TRUE
"195","32738828","","7436409","10.1002/jdd.12355","PMC 7436409.xml",TRUE,TRUE,"10.1002/jdd.12355",FALSE,"",FALSE,"","",TRUE
"196","32749718","","7436449","10.1002/jdd.12363","PMC 7436449.xml",TRUE,TRUE,"10.1002/jdd.12363",FALSE,"",FALSE,"","",TRUE
"197","32748562","","7436454","10.1111/ipd.12679","PMC 7436454.xml",TRUE,FALSE,"10.1111/ipd.12679",FALSE,"",FALSE,"","",TRUE
"198","32790895","","7436516","10.1111/odi.13605","PMC 7436516.xml",FALSE,FALSE,"10.1111/odi.13605",FALSE,"",FALSE,"","",TRUE
"199","32791564","","7436518","10.1111/odi.13606","PMC 7436518.xml",TRUE,FALSE,"10.1111/odi.13606",FALSE,"",FALSE,"","",TRUE
"200","32780535","","7436656","10.1111/eje.12583","PMC 7436656.xml",TRUE,TRUE,"10.1111/eje.12583",FALSE,"",FALSE,"","",TRUE
"201","32735690","","7436703","10.1111/iej.13373","PMC 7436703.xml",TRUE,TRUE,"10.1111/iej.13373",FALSE,"",FALSE,"","",TRUE
"202","32761861","","7436749","10.1002/jdd.12370","PMC 7436749.xml",TRUE,TRUE,"10.1002/jdd.12370",FALSE,"",FALSE,"","",TRUE
"203","32761880","","7436751","10.1002/jdd.12366","PMC 7436751.xml",TRUE,TRUE,"10.1002/jdd.12366",FALSE,"",FALSE,"","",TRUE
"204","32749700","","7436838","10.1002/jdd.12365","PMC 7436838.xml",TRUE,FALSE,"10.1002/jdd.12365",FALSE,"",FALSE,"","",TRUE
"205","32844967","","7437148","10.1590/2177-6709.25.3.007-008.edt","PMC 7437148.xml",TRUE,FALSE,"10.1590/2177-6709.25.3.007-008.edt",FALSE,"",FALSE,"","",TRUE
"206","32827598","","7438225","10.1016/j.jdent.2020.103456","PMC 7438225.xml",TRUE,TRUE,"10.1016/j.jdent.2020.103456",FALSE,"",FALSE,"","",TRUE
"207","32828609","","7439000","10.1016/j.ajodo.2020.06.028","PMC 7439000.xml",TRUE,TRUE,"10.1016/j.ajodo.2020.06.028",FALSE,"",FALSE,"","",TRUE
"208","32981876","","7440227","10.1016/j.oooo.2020.08.015","PMC 7440227.xml",TRUE,TRUE,"10.1016/j.oooo.2020.08.015",FALSE,"",FALSE,"","",TRUE
"209","32841654","","7443083","10.1016/j.joen.2020.08.008","PMC 7443083.xml",TRUE,FALSE,"10.1016/j.joen.2020.08.008",FALSE,"",FALSE,"","",TRUE
"210","32614681","","7444020","10.1177/0022034520940288","PMC 7444020.xml",TRUE,FALSE,"10.1177/0022034520940288",FALSE,"",FALSE,"","",TRUE
"211","33218695","","7446613","10.1016/j.bjoms.2020.08.100","PMC 7446613.xml",TRUE,FALSE,"10.1016/j.bjoms.2020.08.100",FALSE,"",FALSE,"","",TRUE
"212","33308876","","7446653","10.1016/j.bjoms.2020.08.099","PMC 7446653.xml",TRUE,TRUE,"10.1016/j.bjoms.2020.08.099",FALSE,"",FALSE,"","",TRUE
"213","32933788","","7449978","10.1016/j.bjoms.2020.08.104","PMC 7449978.xml",TRUE,FALSE,"10.1016/j.bjoms.2020.08.104",FALSE,"",FALSE,"","",TRUE
"214","32926868","","7451003","10.1016/j.joms.2020.08.024","PMC 7451003.xml",TRUE,TRUE,"10.1016/j.joms.2020.08.024",FALSE,"",FALSE,"","",TRUE
"215","32912655","","7451123","10.1016/j.ijom.2020.08.007","PMC 7451123.xml",TRUE,FALSE,"10.1016/j.ijom.2020.08.007",FALSE,"",FALSE,"","",TRUE
"216","32857641","","7457005","10.1177/0022034520954126","PMC 7457005.xml",TRUE,TRUE,"10.1177/0022034520954126",FALSE,"",FALSE,"","",TRUE
"217","32881174","","7461019","10.1111/odi.13613","PMC 7461019.xml",TRUE,FALSE,"10.1111/odi.13613",FALSE,"",FALSE,"","",TRUE
"218","32844402","","7461192","10.1002/jdd.12401","PMC 7461192.xml",TRUE,FALSE,"10.1002/jdd.12401",FALSE,"",FALSE,"","",TRUE
"219","32813876","","7461196","10.1002/jdd.12364","PMC 7461196.xml",TRUE,TRUE,"10.1002/jdd.12364",FALSE,"",FALSE,"","",TRUE
"220","32815633","","7461301","10.1111/scd.12510","PMC 7461301.xml",TRUE,FALSE,"10.1111/scd.12510",FALSE,"",FALSE,"","",TRUE
"221","32852882","","7461360","10.1111/odi.13620","PMC 7461360.xml",TRUE,FALSE,"10.1111/odi.13620",FALSE,"",FALSE,"","",TRUE
"222","32876748","","7464055","10.1007/s00784-020-03549-1","PMC 7464055.xml",TRUE,FALSE,"10.1007/s00784-020-03549-1",FALSE,"",FALSE,"","",TRUE
"223","33069549","","7470726","10.1016/j.bjoms.2020.08.114","PMC 7470726.xml",TRUE,TRUE,"10.1016/j.bjoms.2020.08.114",FALSE,"",FALSE,"","",TRUE
"224","32833833","","7480795","10.1097/SCS.0000000000006619","PMC 7480795.xml",TRUE,FALSE,"10.1097/SCS.0000000000006619",FALSE,"",FALSE,"","",TRUE
"225","32833832","","7480802","10.1097/SCS.0000000000006886","PMC 7480802.xml",TRUE,TRUE,"10.1097/SCS.0000000000006886",FALSE,"",FALSE,"","",TRUE
"226","33752920","","7485452","10.1016/j.bjoms.2020.09.006","PMC 7485452.xml",TRUE,FALSE,"10.1016/j.bjoms.2020.09.006",FALSE,"",FALSE,"","",TRUE
"227","33349495","","7485545","10.1016/j.bjoms.2020.09.014","PMC 7485545.xml",TRUE,FALSE,"10.1016/j.bjoms.2020.09.014",FALSE,"",FALSE,"","",TRUE
"228","32942933","","7502681","10.1177/2380084420961089","PMC 7502681.xml",TRUE,FALSE,"10.1177/2380084420961089",FALSE,"",FALSE,"","",TRUE
"229","33131568","","7505627","10.1016/j.ajodo.2020.08.010","PMC 7505627.xml",TRUE,FALSE,"10.1016/j.ajodo.2020.08.010",FALSE,"",FALSE,"","",TRUE
"230","33303095","","7508004","10.1016/j.jebdp.2020.101499","PMC 7508004.xml",TRUE,FALSE,"10.1016/j.jebdp.2020.101499",FALSE,"",FALSE,"","",TRUE
"231","32959709","","7509243","10.1177/2380084420962399","PMC 7509243.xml",TRUE,TRUE,"10.1177/2380084420962399",FALSE,"",FALSE,"","",TRUE
"232","32979456","","7510560","10.1016/j.jdent.2020.103481","PMC 7510560.xml",TRUE,FALSE,"10.1016/j.jdent.2020.103481",FALSE,"",FALSE,"","",TRUE
"233","32978529","","7517051","10.1038/s41432-020-0116-4","PMC 7517051.xml",TRUE,FALSE,"10.1038/s41432-020-0116-4",FALSE,"",FALSE,"","",TRUE
"234","32978531","","7517052","10.1038/s41432-020-0117-3","PMC 7517052.xml",TRUE,FALSE,"10.1038/s41432-020-0117-3",FALSE,"",FALSE,"","",TRUE
"235","32978532","","7517064","10.1038/s41432-020-0115-5","PMC 7517064.xml",TRUE,TRUE,"10.1038/s41432-020-0115-5",FALSE,"",FALSE,"","",TRUE
"236","32978581","","7517741","10.1038/s41415-020-2180-8","PMC 7517741.xml",TRUE,FALSE,"10.1038/s41415-020-2180-8",FALSE,"",FALSE,"","",TRUE
"237","32978579","","7517749","10.1038/s41415-020-2114-5","PMC 7517749.xml",TRUE,TRUE,"10.1038/s41415-020-2114-5",FALSE,"",FALSE,"","",TRUE
"238","32978576","","7517750","10.1038/s41415-020-2055-z","PMC 7517750.xml",TRUE,FALSE,"10.1038/s41415-020-2055-z",FALSE,"",FALSE,"","",TRUE
"239","32997092","","7521424","10.1590/1678-7757-2020-0358","PMC 7521424.xml",TRUE,TRUE,"10.1590/1678-7757-2020-0358",FALSE,"",FALSE,"","",TRUE
"240","33250171","","7524642","10.1016/j.adaj.2020.09.022","PMC 7524642.xml",TRUE,FALSE,"10.1016/j.adaj.2020.09.022",FALSE,"",FALSE,"","",TRUE
"241","33032859","","7526637","10.1016/j.ijom.2020.09.014","PMC 7526637.xml",TRUE,TRUE,"10.1016/j.ijom.2020.09.014",FALSE,"",FALSE,"","",TRUE
"242","32985329","","7527907","10.1177/0022034520962087","PMC 7527907.xml",TRUE,FALSE,"10.1177/0022034520962087",FALSE,"",FALSE,"","",TRUE
"243","32985322","","7527908","10.1177/2380084420962778","PMC 7527908.xml",TRUE,TRUE,"10.1177/2380084420962778",FALSE,"",FALSE,"","",TRUE
"244","33203519","","7531429","10.1016/j.joms.2020.09.037","PMC 7531429.xml",TRUE,FALSE,"10.1016/j.joms.2020.09.037",FALSE,"",FALSE,"","",TRUE
"245","33023743","","7532753","10.1016/j.prosdent.2020.08.004","PMC 7532753.xml",TRUE,TRUE,"10.1016/j.prosdent.2020.08.004",FALSE,"",FALSE,"","",TRUE
"246","33023729","","7532937","10.1016/j.ejwf.2020.09.005","PMC 7532937.xml",TRUE,FALSE,"10.1016/j.ejwf.2020.09.005",FALSE,"",FALSE,"","",TRUE
"247","32950037","","7537059","10.1111/scd.12523","PMC 7537059.xml",TRUE,FALSE,"10.1111/scd.12523",FALSE,"",FALSE,"","",TRUE
"248","32954610","","7537070","10.1111/eje.12600","PMC 7537070.xml",TRUE,FALSE,"10.1111/eje.12600",FALSE,"",FALSE,"","",TRUE
"249","32959382","","7537088","10.1002/jdd.12423","PMC 7537088.xml",TRUE,FALSE,"10.1002/jdd.12423",FALSE,"",FALSE,"","",TRUE
"250","32954532","","7537095","10.1002/jdd.12413","PMC 7537095.xml",TRUE,TRUE,"10.1002/jdd.12413",FALSE,"",FALSE,"","",TRUE
"251","32966633","","7537197","10.1111/joor.13098","PMC 7537197.xml",TRUE,FALSE,"10.1111/joor.13098",FALSE,"",FALSE,"","",TRUE
"252","32949058","","7537273","10.1111/ipd.12722","PMC 7537273.xml",TRUE,FALSE,"10.1111/ipd.12722",FALSE,"",FALSE,"","",TRUE
"253","32978832","","7537327","10.1111/ger.12499","PMC 7537327.xml",TRUE,FALSE,"10.1111/ger.12499",FALSE,"",FALSE,"","",TRUE
"254","32978848","","7537505","10.1111/ipd.12732","PMC 7537505.xml",TRUE,TRUE,"10.1111/ipd.12732",FALSE,"",FALSE,"","",TRUE
"255","32961585","","7537538","10.1111/idj.12620","PMC 7537538.xml",TRUE,FALSE,"10.1111/idj.12620",FALSE,"",FALSE,"","",TRUE
"256","33032593","","7543039","10.1186/s12903-020-01270-9","PMC 7543039.xml",TRUE,FALSE,"10.1186/s12903-020-01270-9",FALSE,"",FALSE,"","",TRUE
"257","33045270","","7545210","10.1016/j.joen.2020.09.018","PMC 7545210.xml",TRUE,TRUE,"10.1016/j.joen.2020.09.018",FALSE,"",FALSE,"","",TRUE
"258","33037360","","7546139","10.1038/s41415-020-2153-y","PMC 7546139.xml",TRUE,FALSE,"10.1038/s41415-020-2153-y",FALSE,"",FALSE,"","",TRUE
"259","33058936","","7550122","10.1016/j.joen.2020.10.002","PMC 7550122.xml",TRUE,FALSE,"10.1016/j.joen.2020.10.002",FALSE,"",FALSE,"","",TRUE
"260","33050914","","7552581","10.1186/s12903-020-01273-6","PMC 7552581.xml",TRUE,TRUE,"10.1186/s12903-020-01273-6",FALSE,"",FALSE,"","",TRUE
"261","33127166","","7556257","10.1016/j.bjoms.2020.09.037","PMC 7556257.xml",TRUE,FALSE,"10.1016/j.bjoms.2020.09.037",FALSE,"",FALSE,"","",TRUE
"262","33071007","","7560385","10.1016/j.adaj.2020.09.005","PMC 7560385.xml",TRUE,TRUE,"10.1016/j.adaj.2020.09.005",FALSE,"",FALSE,"","",TRUE
"263","33129751","","7561523","10.1016/j.joms.2020.10.015","PMC 7561523.xml",TRUE,TRUE,"10.1016/j.joms.2020.10.015",FALSE,"",FALSE,"","",TRUE
"264","33069219","","7568462","10.1186/s12903-020-01263-8","PMC 7568462.xml",TRUE,TRUE,"10.1186/s12903-020-01263-8",FALSE,"",FALSE,"","",TRUE
"265","33076880","","7569355","10.1186/s12903-020-01274-5","PMC 7569355.xml",TRUE,FALSE,"10.1186/s12903-020-01274-5",FALSE,"",FALSE,"","",TRUE
"266","33223376","","7571895","10.1016/j.ajodo.2020.09.009","PMC 7571895.xml",TRUE,TRUE,"10.1016/j.ajodo.2020.09.009",FALSE,"",FALSE,"","",TRUE
"267","33082522","","7574391","10.1038/s41415-020-2177-3","PMC 7574391.xml",TRUE,TRUE,"10.1038/s41415-020-2177-3",FALSE,"",FALSE,"","",TRUE
"268","33084491","","7578843","10.1177/2380084420969116","PMC 7578843.xml",TRUE,FALSE,"10.1177/2380084420969116",FALSE,"",FALSE,"","",TRUE
"269","33089717","","7582358","10.1177/0022034520967933","PMC 7582358.xml",TRUE,TRUE,"10.1177/0022034520967933",FALSE,"",FALSE,"","",TRUE
"270","33097885","","7582419","10.1038/s41415-020-2228-9","PMC 7582419.xml",TRUE,TRUE,"10.1038/s41415-020-2228-9",FALSE,"",FALSE,"","",TRUE
"271","33221177","","7584421","10.1016/j.ejwf.2020.10.003","PMC 7584421.xml",TRUE,FALSE,"10.1016/j.ejwf.2020.10.003",FALSE,"",FALSE,"","",TRUE
"272","33579542","","7584918","10.1016/j.bjoms.2020.10.007","PMC 7584918.xml",TRUE,FALSE,"10.1016/j.bjoms.2020.10.007",FALSE,"",FALSE,"","",TRUE
"273","33248906","","7586124","10.1016/j.oooo.2020.10.017","PMC 7586124.xml",TRUE,TRUE,"10.1016/j.oooo.2020.10.017",FALSE,"",FALSE,"","",TRUE
"274","33121609","","7587070","10.1016/j.adaj.2020.09.004","PMC 7587070.xml",TRUE,FALSE,"10.1016/j.adaj.2020.09.004",FALSE,"",FALSE,"","",TRUE
"275","33109185","","7590562","10.1186/s12903-020-01281-6","PMC 7590562.xml",TRUE,TRUE,"10.1186/s12903-020-01281-6",FALSE,"",FALSE,"","",TRUE
"276","33131360","","7604673","10.1177/0022034520969670","PMC 7604673.xml",TRUE,TRUE,"10.1177/0022034520969670",FALSE,"",FALSE,"","",TRUE
"277","33148254","","7609832","10.1186/s12903-020-01301-5","PMC 7609832.xml",TRUE,TRUE,"10.1186/s12903-020-01301-5",FALSE,"",FALSE,"","",TRUE
"278","33138663","","7642823","10.1177/0022034520970536","PMC 7642823.xml",TRUE,FALSE,"10.1177/0022034520970536",FALSE,"",FALSE,"","",TRUE
"279","33161001","","7644232","10.1016/j.joen.2020.10.024","PMC 7644232.xml",TRUE,TRUE,"10.1016/j.joen.2020.10.024",FALSE,"",FALSE,"","",TRUE
"280","33160999","","7644425","10.1016/j.joen.2020.10.023","PMC 7644425.xml",TRUE,TRUE,"10.1016/j.joen.2020.10.023",FALSE,"",FALSE,"","",TRUE
"281","32946152","","7646272","10.1111/odi.13646","PMC 7646272.xml",TRUE,FALSE,"10.1111/odi.13646",FALSE,"",FALSE,"","",TRUE
"282","33172710","","7648505","10.1016/j.ijom.2020.10.005","PMC 7648505.xml",TRUE,TRUE,"10.1016/j.ijom.2020.10.005",FALSE,"",FALSE,"","",TRUE
"283","33188343","","7662720","10.1038/s41415-020-2336-6","PMC 7662720.xml",TRUE,TRUE,"10.1038/s41415-020-2336-6",FALSE,"",FALSE,"","",TRUE
"284","33197526","","7664347","10.1016/j.jdent.2020.103534","PMC 7664347.xml",TRUE,TRUE,"10.1016/j.jdent.2020.103534",TRUE,"general-purpose repository",FALSE,"this scoping review therefore aimed to map compile the evidence and provide a literature overview of the effectiveness of different n95 respirator decontamination strategies against the novel coronavirus based on published studies and preprint material 2 this study's protocol is based on the framework proposed by peters et al (2015) [ ] and is available at the following link: https://osf io/4t936/ .","",TRUE
"285","33043573","","7675282","10.1111/odi.13675","PMC 7675282.xml",TRUE,FALSE,"10.1111/odi.13675",FALSE,"",FALSE,"","",TRUE
"286","33029787","","7675403","10.1002/jdd.12458","PMC 7675403.xml",TRUE,FALSE,"10.1002/jdd.12458",FALSE,"",FALSE,"","",TRUE
"287","33047356","","7675432","10.1111/clr.13676","PMC 7675432.xml",TRUE,FALSE,"10.1111/clr.13676",FALSE,"",FALSE,"","",TRUE
"288","33015929","","7675464","10.1111/eje.12608","PMC 7675464.xml",TRUE,TRUE,"10.1111/eje.12608",FALSE,"",FALSE,"","",TRUE
"289","33043546","","7675484","10.1111/odi.13678","PMC 7675484.xml",TRUE,FALSE,"10.1111/odi.13678",FALSE,"",FALSE,"","",TRUE
"290","33012056","","7675493","10.1111/ipd.12737","PMC 7675493.xml",TRUE,TRUE,"10.1111/ipd.12737",FALSE,"",FALSE,"","",TRUE
"291","33021087","","7675550","10.1002/cre2.332","PMC 7675550.xml",TRUE,FALSE,"10.1002/cre2.332",FALSE,"",FALSE,"","",TRUE
"292","33509611","","7675667","10.1111/idj.12609","PMC 7675667.xml",TRUE,FALSE,"10.1111/idj.12609",FALSE,"",FALSE,"","",TRUE
"293","33011983","","7675741","10.1002/jdd.12451","PMC 7675741.xml",TRUE,FALSE,"10.1002/jdd.12451",FALSE,"",FALSE,"","",TRUE
"294","33243197","","7689639","10.1186/s12903-020-01335-9","PMC 7689639.xml",TRUE,FALSE,"10.1186/s12903-020-01335-9",FALSE,"",FALSE,"","",TRUE
"295","33247247","","7691953","10.1038/s41415-020-2426-5","PMC 7691953.xml",TRUE,FALSE,"10.1038/s41415-020-2426-5",FALSE,"",FALSE,"","",TRUE
"296","33247257","","7691968","10.1038/s41415-020-2411-z","PMC 7691968.xml",TRUE,FALSE,"10.1038/s41415-020-2411-z",FALSE,"",FALSE,"","",TRUE
"297","33267811","","7708888","10.1186/s12903-020-01340-y","PMC 7708888.xml",TRUE,TRUE,"10.1186/s12903-020-01340-y",FALSE,"",FALSE,"","",TRUE
"298","34256956","","7709721","10.1016/j.bjoms.2020.11.017","PMC 7709721.xml",TRUE,TRUE,"10.1016/j.bjoms.2020.11.017",FALSE,"",FALSE,"","",TRUE
"299","33272261","","7711254","10.1186/s12903-020-01341-x","PMC 7711254.xml",TRUE,TRUE,"10.1186/s12903-020-01341-x",FALSE,"",FALSE,"","",TRUE
"300","33263648","","7714260","10.1590/1678-7757-2020-0445","PMC 7714260.xml",TRUE,TRUE,"10.1590/1678-7757-2020-0445",FALSE,"",FALSE,"","",TRUE
"301","33276770","","7716286","10.1186/s12903-020-01345-7","PMC 7716286.xml",TRUE,TRUE,"10.1186/s12903-020-01345-7",FALSE,"",FALSE,"","",TRUE
"302","33295831","","7726624","10.1177/0022034520979830","PMC 7726624.xml",TRUE,FALSE,"10.1177/0022034520979830",FALSE,"",FALSE,"","",TRUE
"303","33303923","","7726738","10.1038/s41415-020-2402-0","PMC 7726738.xml",TRUE,TRUE,"10.1038/s41415-020-2402-0",FALSE,"",FALSE,"","",TRUE
"304","33311676","","7729700","10.1038/s41415-020-2403-z","PMC 7729700.xml",TRUE,FALSE,"10.1038/s41415-020-2403-z",FALSE,"",FALSE,"","",TRUE
"305","33311687","","7729702","10.1038/s41415-020-2404-y","PMC 7729702.xml",TRUE,TRUE,"10.1038/s41415-020-2404-y",FALSE,"",FALSE,"","",TRUE
"306","33421417","","7735032","10.1016/j.joms.2020.12.006","PMC 7735032.xml",TRUE,TRUE,"10.1016/j.joms.2020.12.006",FALSE,"",FALSE,"","",TRUE
"307","33327823","","7746949","10.1177/0022034520979644","PMC 7746949.xml",TRUE,TRUE,"10.1177/0022034520979644",FALSE,"",FALSE,"","",TRUE
"308","33339931","","7747003","10.1038/s41415-020-2406-9","PMC 7747003.xml",TRUE,FALSE,"10.1038/s41415-020-2406-9",FALSE,"",FALSE,"","",TRUE
"309","33349250","","7751262","10.1186/s12903-020-01361-7","PMC 7751262.xml",TRUE,TRUE,"10.1186/s12903-020-01361-7",FALSE,"",FALSE,"","",TRUE
"310","33188555","","7753269","10.1111/eje.12626","PMC 7753269.xml",TRUE,TRUE,"10.1111/eje.12626",FALSE,"",FALSE,"","",TRUE
"311","33269536","","7753295","10.1111/eje.12640","PMC 7753295.xml",TRUE,TRUE,"10.1111/eje.12640",FALSE,"",FALSE,"","",TRUE
"312","33263205","","7753345","10.1002/jdd.12498","PMC 7753345.xml",TRUE,TRUE,"10.1002/jdd.12498",FALSE,"",FALSE,"","",TRUE
"313","33225522","","7753409","10.1111/jopr.13295","PMC 7753409.xml",TRUE,FALSE,"10.1111/jopr.13295",FALSE,"",FALSE,"","",TRUE
"314","33283273","","7753462","10.1002/jdd.12496","PMC 7753462.xml",TRUE,FALSE,"10.1002/jdd.12496",FALSE,"",FALSE,"","",TRUE
"315","33220088","","7753551","10.1111/ipd.12757","PMC 7753551.xml",TRUE,FALSE,"10.1111/ipd.12757",FALSE,"",FALSE,"","",TRUE
"316","33226638","","7753552","10.1002/jdd.12501","PMC 7753552.xml",TRUE,TRUE,"10.1002/jdd.12501",FALSE,"",FALSE,"","",TRUE
"317","33211392","","7753835","10.1111/odi.13729","PMC 7753835.xml",TRUE,FALSE,"10.1111/odi.13729",FALSE,"",FALSE,"","",TRUE
"318","33197102","","7754557","10.1111/ipd.12741","PMC 7754557.xml",TRUE,TRUE,"10.1111/ipd.12741",FALSE,"",FALSE,"","",TRUE
"319","33460562","","7759338","10.1016/j.joms.2020.12.020","PMC 7759338.xml",TRUE,FALSE,"10.1016/j.joms.2020.12.020",FALSE,"",FALSE,"","",TRUE
"320","33387553","","7772583","10.1016/j.joen.2020.11.025","PMC 7772583.xml",TRUE,TRUE,"10.1016/j.joen.2020.11.025",FALSE,"",FALSE,"","",TRUE
"321","33389688","","7778697","10.1007/s40368-020-00589-9","PMC 7778697.xml",TRUE,TRUE,"10.1007/s40368-020-00589-9",FALSE,"",FALSE,"","",TRUE
"322","33359041","","7787509","10.1016/j.jdent.2020.103565","PMC 7787509.xml",TRUE,FALSE,"10.1016/j.jdent.2020.103565",FALSE,"",FALSE,"","",TRUE
"323","33409692","","7787613","10.1007/s00784-020-03715-5","PMC 7787613.xml",TRUE,FALSE,"10.1007/s00784-020-03715-5",FALSE,"",FALSE,"","",TRUE
"324","33414543","","7789070","10.1038/s41415-020-2499-1","PMC 7789070.xml",TRUE,TRUE,"10.1038/s41415-020-2499-1",FALSE,"",FALSE,"","",TRUE
"325","33414544","","7789077","10.1038/s41415-020-2504-8","PMC 7789077.xml",TRUE,TRUE,"10.1038/s41415-020-2504-8",FALSE,"",FALSE,"","",TRUE
"326","33414542","","7789079","10.1038/s41415-020-2503-9","PMC 7789079.xml",TRUE,FALSE,"10.1038/s41415-020-2503-9",FALSE,"",FALSE,"","",TRUE
"327","33403913","","7791304","10.1177/2380084420984772","PMC 7791304.xml",TRUE,FALSE,"10.1177/2380084420984772",FALSE,"",FALSE,"","",TRUE
"328","33420449","","7791334","10.1038/s41415-020-2507-5","PMC 7791334.xml",TRUE,FALSE,"10.1038/s41415-020-2507-5",FALSE,"",FALSE,"","",TRUE
"329","33423578","","7803793","10.1177/2380084420986766","PMC 7803793.xml",TRUE,TRUE,"10.1177/2380084420986766",FALSE,"",FALSE,"","",TRUE
"330","33037804","","7806342","10.4317/medoral.24075","PMC 7806342.xml",TRUE,FALSE,"10.4317/medoral.24075",FALSE,"",FALSE,"","",TRUE
"331","33472613","","7816144","10.1186/s12903-020-01379-x","PMC 7816144.xml",TRUE,TRUE,"10.1186/s12903-020-01379-x",FALSE,"",FALSE,"","",TRUE
"332","33641860","","7816946","10.1016/j.adaj.2021.01.006","PMC 7816946.xml",TRUE,TRUE,"10.1016/j.adaj.2021.01.006",FALSE,"",FALSE,"","",TRUE
"333","33484856","","7817403","10.1016/j.jormas.2021.01.009","PMC 7817403.xml",TRUE,FALSE,"10.1016/j.jormas.2021.01.009",FALSE,"",FALSE,"","",TRUE
"334","33479515","","7819619","10.1038/s41415-020-2595-2","PMC 7819619.xml",TRUE,TRUE,"10.1038/s41415-020-2595-2",FALSE,"",FALSE,"","",TRUE
"335","33479516","","7819621","10.1038/s41415-020-2594-3","PMC 7819621.xml",TRUE,TRUE,"10.1038/s41415-020-2594-3",FALSE,"",FALSE,"","",TRUE
"336","33483706","","7821171","10.1038/s41415-020-2592-5","PMC 7821171.xml",TRUE,FALSE,"10.1038/s41415-020-2592-5",FALSE,"",FALSE,"","",TRUE
"337","33579540","","7825947","10.1016/j.bjoms.2021.01.005","PMC 7825947.xml",TRUE,FALSE,"10.1016/j.bjoms.2021.01.005",FALSE,"",FALSE,"","",TRUE
"338","33609446","","7825971","10.1016/j.joms.2021.01.010","PMC 7825971.xml",TRUE,FALSE,"10.1016/j.joms.2021.01.010",FALSE,"",FALSE,"","",TRUE
"339","33494869","","7826119","10.1016/j.adaj.2020.10.010","PMC 7826119.xml",TRUE,TRUE,"10.1016/j.adaj.2020.10.010",FALSE,"",FALSE,"","",TRUE
"340","33678401","","7831395","10.1016/j.identj.2020.12.001","PMC 7831395.xml",TRUE,TRUE,"10.1016/j.identj.2020.12.001",FALSE,"",FALSE,"","",TRUE
"341","32536436","","7831533","10.1016/j.joms.2020.05.026","PMC 7831533.xml",TRUE,TRUE,"10.1016/j.joms.2020.05.026",FALSE,"",FALSE,"","",TRUE
"342","33632409","","7832615","10.1016/j.adaj.2020.11.014","PMC 7832615.xml",TRUE,FALSE,"10.1016/j.adaj.2020.11.014",FALSE,"",FALSE,"","",TRUE
"343","33975765","","7832651","10.1016/j.bjoms.2020.12.016","PMC 7832651.xml",TRUE,FALSE,"10.1016/j.bjoms.2020.12.016",FALSE,"",FALSE,"","",TRUE
"344","32798104","","7833799","10.1016/j.bjoms.2020.07.039","PMC 7833799.xml",TRUE,TRUE,"10.1016/j.bjoms.2020.07.039",FALSE,"",FALSE,"","",TRUE
"345","33359043","","7834118","10.1016/j.jdent.2020.103556","PMC 7834118.xml",TRUE,TRUE,"10.1016/j.jdent.2020.103556",FALSE,"",FALSE,"","",TRUE
"346","33892990","","7834132","10.1016/j.bjoms.2020.12.017","PMC 7834132.xml",TRUE,TRUE,"10.1016/j.bjoms.2020.12.017",FALSE,"",FALSE,"","",TRUE
"347","33441249","","7834288","10.1016/j.dental.2020.12.004","PMC 7834288.xml",TRUE,TRUE,"10.1016/j.dental.2020.12.004",FALSE,"",FALSE,"","",TRUE
"348","33531145","","7834330","10.1016/j.identj.2021.01.007","PMC 7834330.xml",TRUE,FALSE,"10.1016/j.identj.2021.01.007",FALSE,"",FALSE,"","",TRUE
"349","33358522","","7834335","10.1016/j.ijom.2020.12.002","PMC 7834335.xml",TRUE,FALSE,"10.1016/j.ijom.2020.12.002",FALSE,"",FALSE,"","",TRUE
"350","33743993","","7834430","10.1016/j.identj.2020.12.010","PMC 7834430.xml",TRUE,TRUE,"10.1016/j.identj.2020.12.010",FALSE,"",FALSE,"","",TRUE
"351","33388387","","7834919","10.1016/j.jdent.2020.103576","PMC 7834919.xml",TRUE,FALSE,"10.1016/j.jdent.2020.103576",FALSE,"",FALSE,"","",TRUE
"352","34051956","","7834925","10.1016/j.jebdp.2020.101525","PMC 7834925.xml",TRUE,FALSE,"10.1016/j.jebdp.2020.101525",FALSE,"",FALSE,"","",TRUE
"353","34325945","","7836223","10.1016/j.bjoms.2020.12.021","PMC 7836223.xml",TRUE,TRUE,"10.1016/j.bjoms.2020.12.021",FALSE,"",FALSE,"","",TRUE
"354","33736867","","7836949","10.1016/j.identj.2020.12.028","PMC 7836949.xml",TRUE,FALSE,"10.1016/j.identj.2020.12.028",FALSE,"",FALSE,"","",TRUE
"355","33795144","","7843094","10.1016/j.identj.2021.01.012","PMC 7843094.xml",TRUE,TRUE,"10.1016/j.identj.2021.01.012",FALSE,"",FALSE,"","",TRUE
"356","33524432","","7845496","10.1016/j.jdent.2021.103590","PMC 7845496.xml",TRUE,FALSE,"10.1016/j.jdent.2021.103590",FALSE,"",FALSE,"","",TRUE
"357","33551188","","7846220","10.1016/j.dental.2021.01.015","PMC 7846220.xml",TRUE,FALSE,"10.1016/j.dental.2021.01.015",FALSE,"",FALSE,"","",TRUE
"358","33637473","","7849433","10.1016/j.oooo.2021.01.028","PMC 7849433.xml",TRUE,FALSE,"10.1016/j.oooo.2021.01.028",FALSE,"",FALSE,"","",TRUE
"359","33548332","","7857011","10.1016/j.joen.2021.01.009","PMC 7857011.xml",TRUE,FALSE,"10.1016/j.joen.2021.01.009",FALSE,"",FALSE,"","",TRUE
"360","33647247","","7857142","10.1016/j.joms.2021.01.035","PMC 7857142.xml",TRUE,FALSE,"10.1016/j.joms.2021.01.035",FALSE,"",FALSE,"","",TRUE
"361","33543382","","7861154","10.1007/s00784-021-03809-8","PMC 7861154.xml",TRUE,FALSE,"10.1007/s00784-021-03809-8",FALSE,"",FALSE,"","",TRUE
"362","33926623","","7862882","10.1016/j.adaj.2021.01.014","PMC 7862882.xml",TRUE,TRUE,"10.1016/j.adaj.2021.01.014",FALSE,"",FALSE,"","",TRUE
"363","33581957","","7862884","10.1016/j.jcms.2021.01.027","PMC 7862884.xml",TRUE,TRUE,"10.1016/j.jcms.2021.01.027",FALSE,"",FALSE,"","",TRUE
"364","34051952","","7862895","10.1016/j.jebdp.2021.101530","PMC 7862895.xml",TRUE,TRUE,"10.1016/j.jebdp.2021.101530",FALSE,"",FALSE,"","",TRUE
"365","33546674","","7863034","10.1186/s12903-021-01417-2","PMC 7863034.xml",TRUE,FALSE,"10.1186/s12903-021-01417-2",FALSE,"",FALSE,"","",TRUE
"366","33549091","","7865116","10.1186/s12903-021-01410-9","PMC 7865116.xml",TRUE,TRUE,"10.1186/s12903-021-01410-9",FALSE,"",FALSE,"","",TRUE
"367","33810832","","7867385","10.1016/j.adaj.2021.02.001","PMC 7867385.xml",TRUE,TRUE,"10.1016/j.adaj.2021.02.001",FALSE,"",FALSE,"","",TRUE
"368","34376339","","7867386","10.1016/j.ajodo.2020.12.016","PMC 7867386.xml",TRUE,TRUE,"10.1016/j.ajodo.2020.12.016",FALSE,"",FALSE,"","",TRUE
"369","33563503","","7867471","10.1016/j.ajodo.2020.11.030","PMC 7867471.xml",TRUE,FALSE,"10.1016/j.ajodo.2020.11.030",FALSE,"",FALSE,"","",TRUE
"370","33543682","","7868347","10.1177/2380084421993099","PMC 7868347.xml",TRUE,TRUE,"10.1177/2380084421993099",FALSE,"",FALSE,"","",TRUE
"371","33541180","","7868351","10.1177/0022034521990314","PMC 7868351.xml",TRUE,TRUE,"10.1177/0022034521990314",FALSE,"",FALSE,"","",TRUE
"372","34020914","","7869686","10.1016/j.oooo.2021.01.024","PMC 7869686.xml",TRUE,TRUE,"10.1016/j.oooo.2021.01.024",FALSE,"",FALSE,"","",TRUE
"373","33478305","","7871048","10.1177/2380084421989693","PMC 7871048.xml",TRUE,TRUE,"10.1177/2380084421989693",FALSE,"",FALSE,"","",TRUE
"374","33879353","","7874946","10.1016/j.identj.2021.01.015","PMC 7874946.xml",TRUE,TRUE,"10.1016/j.identj.2021.01.015",FALSE,"",FALSE,"","",TRUE
"375","33568128","","7874993","10.1186/s12903-021-01413-6","PMC 7874993.xml",TRUE,FALSE,"10.1186/s12903-021-01413-6",FALSE,"",FALSE,"","",TRUE
"376","33632475","","7881762","10.1016/j.identj.2021.01.017","PMC 7881762.xml",TRUE,FALSE,"10.1016/j.identj.2021.01.017",FALSE,"",FALSE,"","",TRUE
"377","33685772","","7883701","10.1016/j.bjoms.2021.02.002","PMC 7883701.xml",TRUE,FALSE,"10.1016/j.bjoms.2021.02.002",FALSE,"",FALSE,"","",TRUE
"378","33588832","","7883957","10.1186/s12903-021-01428-z","PMC 7883957.xml",TRUE,TRUE,"10.1186/s12903-021-01428-z",TRUE,"general-purpose repository, data availability statement",FALSE,"availability of data and materials the datasets generated during the current study are available in the figshare repository https://doi org/10 6084/m9 figshare 13108070 .     availability of data and materials the datasets generated during the current study are available in the figshare","",TRUE
"379","33608748","","7895509","10.1007/s00784-021-03837-4","PMC 7895509.xml",TRUE,TRUE,"10.1007/s00784-021-03837-4",FALSE,"",FALSE,"","",TRUE
"380","33627848","","7904030","10.1038/s41415-021-2656-1","PMC 7904030.xml",TRUE,TRUE,"10.1038/s41415-021-2656-1",FALSE,"",FALSE,"","",TRUE
"381","34044976","","7923962","10.1016/j.adaj.2021.02.009","PMC 7923962.xml",TRUE,FALSE,"10.1016/j.adaj.2021.02.009",FALSE,"",FALSE,"","",TRUE
"382","33655804","","7930603","10.1177/0022034521997112","PMC 7930603.xml",TRUE,FALSE,"10.1177/0022034521997112",FALSE,"",FALSE,"","",TRUE
"383","33673839","","7934979","10.1186/s12903-021-01466-7","PMC 7934979.xml",TRUE,TRUE,"10.1186/s12903-021-01466-7",FALSE,"",FALSE,"","",TRUE
"384","34023093","","7942140","10.1016/j.adaj.2021.02.016","PMC 7942140.xml",TRUE,TRUE,"10.1016/j.adaj.2021.02.016",FALSE,"",FALSE,"","",TRUE
"385","33710460","","7952257","10.1007/s00784-021-03872-1","PMC 7952257.xml",TRUE,FALSE,"10.1007/s00784-021-03872-1",FALSE,"",FALSE,"","",TRUE
"386","33901449","","7952266","10.1016/j.joms.2021.03.004","PMC 7952266.xml",TRUE,FALSE,"10.1016/j.joms.2021.03.004",FALSE,"",FALSE,"","",TRUE
"387","33926626","","7953437","10.1016/j.adaj.2021.02.011","PMC 7953437.xml",TRUE,TRUE,"10.1016/j.adaj.2021.02.011",FALSE,"",FALSE,"","",TRUE
"388","33509030","","7961632","10.1177/2380084421989946","PMC 7961632.xml",TRUE,TRUE,"10.1177/2380084421989946",FALSE,"",FALSE,"","",TRUE
"389","33743992","","7970159","10.1016/j.identj.2021.01.013","PMC 7970159.xml",TRUE,TRUE,"10.1016/j.identj.2021.01.013",FALSE,"",FALSE,"","",TRUE
"390","33738652","","7972332","10.1007/s00784-021-03886-9","PMC 7972332.xml",TRUE,FALSE,"10.1007/s00784-021-03886-9",FALSE,"",FALSE,"","",TRUE
"391","33875277","","7980182","10.1016/j.identj.2021.03.001","PMC 7980182.xml",TRUE,TRUE,"10.1016/j.identj.2021.03.001",FALSE,"",FALSE,"","",TRUE
"392","34059293","","7988472","10.1016/j.adaj.2021.03.004","PMC 7988472.xml",TRUE,TRUE,"10.1016/j.adaj.2021.03.004",FALSE,"",FALSE,"","",TRUE
"393","33771143","","7994179","10.1186/s12903-021-01533-z","PMC 7994179.xml",TRUE,TRUE,"10.1186/s12903-021-01533-z",FALSE,"",FALSE,"","",TRUE
"394","34030867","","7997309","10.1016/j.adaj.2021.03.006","PMC 7997309.xml",TRUE,FALSE,"10.1016/j.adaj.2021.03.006",FALSE,"",FALSE,"","",TRUE
"395","34325779","","7997726","10.1016/j.adaj.2021.03.007","PMC 7997726.xml",TRUE,TRUE,"10.1016/j.adaj.2021.03.007",FALSE,"",FALSE,"","",TRUE
"396","33867304","","8005255","10.1016/j.oooo.2021.03.010","PMC 8005255.xml",TRUE,FALSE,"10.1016/j.oooo.2021.03.010",FALSE,"",FALSE,"","",TRUE
"397","33787730","","8007088","10.1590/1678-7757-2020-0678","PMC 8007088.xml",TRUE,TRUE,"10.1590/1678-7757-2020-0678",FALSE,"",FALSE,"","",TRUE
"398","33786650","","8009636","10.1007/s00784-021-03917-5","PMC 8009636.xml",TRUE,TRUE,"10.1007/s00784-021-03917-5",FALSE,"",FALSE,"","",TRUE
"399","33474762","","8013174","10.1111/jcpe.13427","PMC 8013174.xml",TRUE,TRUE,"10.1111/jcpe.13427",FALSE,"",FALSE,"","",TRUE
"400","33650167","","8013296","10.1111/cdoe.12632","PMC 8013296.xml",TRUE,FALSE,"10.1111/cdoe.12632",FALSE,"",FALSE,"","",TRUE
"401","33547843","","8013393","10.1111/eje.12676","PMC 8013393.xml",TRUE,TRUE,"10.1111/eje.12676",FALSE,"",FALSE,"","",TRUE
"402","33527524","","8013400","10.1111/jop.13165","PMC 8013400.xml",TRUE,FALSE,"10.1111/jop.13165",FALSE,"",FALSE,"","",TRUE
"403","33448378","","8013479","10.1002/jdd.12533","PMC 8013479.xml",TRUE,TRUE,"10.1002/jdd.12533",FALSE,"",FALSE,"","",TRUE
"404","33580882","","8013574","10.1002/jdd.12569","PMC 8013574.xml",TRUE,FALSE,"10.1002/jdd.12569",FALSE,"",FALSE,"","",TRUE
"405","33638235","","8013597","10.1002/jdd.12570","PMC 8013597.xml",TRUE,TRUE,"10.1002/jdd.12570",FALSE,"",FALSE,"","",TRUE
"406","33629467","","8013892","10.1111/eje.12679","PMC 8013892.xml",TRUE,TRUE,"10.1111/eje.12679",FALSE,"",FALSE,"","",TRUE
"407","33448376","","8013967","10.1002/jdd.12539","PMC 8013967.xml",TRUE,TRUE,"10.1002/jdd.12539",FALSE,"",FALSE,"","",TRUE
"408","33448398","","8014255","10.1002/jdd.12529","PMC 8014255.xml",TRUE,FALSE,"10.1002/jdd.12529",FALSE,"",FALSE,"","",TRUE
"409","33522677","","8014276","10.1111/jerd.12717","PMC 8014276.xml",TRUE,FALSE,"10.1111/jerd.12717",FALSE,"",FALSE,"","",TRUE
"410","33635555","","8014326","10.1002/jdd.12583","PMC 8014326.xml",TRUE,FALSE,"10.1002/jdd.12583",FALSE,"",FALSE,"","",TRUE
"411","33595844","","8014337","10.1111/clr.13723","PMC 8014337.xml",TRUE,TRUE,"10.1111/clr.13723",FALSE,"",FALSE,"","",TRUE
"412","33538007","","8014638","10.1002/jdd.12562","PMC 8014638.xml",TRUE,FALSE,"10.1002/jdd.12562",FALSE,"",FALSE,"","",TRUE
"413","33527378","","8014679","10.1111/jcpe.13435","PMC 8014679.xml",TRUE,TRUE,"10.1111/jcpe.13435",FALSE,"",FALSE,"","",TRUE
"414","33448387","","8014854","10.1002/jdd.12532","PMC 8014854.xml",TRUE,TRUE,"10.1002/jdd.12532",FALSE,"",FALSE,"","",TRUE
"415","33496042","","8014862","10.1002/cre2.398","PMC 8014862.xml",TRUE,TRUE,"10.1002/cre2.398",FALSE,"",FALSE,"","",TRUE
"416","33812370","","8019344","10.1186/s12903-021-01499-y","PMC 8019344.xml",TRUE,FALSE,"10.1186/s12903-021-01499-y",FALSE,"",FALSE,"","",TRUE
"417","33822288","","8022306","10.1007/s00784-021-03916-6","PMC 8022306.xml",TRUE,TRUE,"10.1007/s00784-021-03916-6",FALSE,"",FALSE,"","",TRUE
"418","33825992","","8024940","10.1186/s40510-021-00355-7","PMC 8024940.xml",TRUE,TRUE,"10.1186/s40510-021-00355-7",FALSE,"",FALSE,"","",TRUE
"419","33845185","","8032600","10.1016/j.jormas.2021.04.001","PMC 8032600.xml",TRUE,FALSE,"10.1016/j.jormas.2021.04.001",FALSE,"",FALSE,"","",TRUE
"420","33845828","","8040365","10.1186/s12903-021-01547-7","PMC 8040365.xml",TRUE,TRUE,"10.1186/s12903-021-01547-7",FALSE,"",FALSE,"","",TRUE
"421","33843331","","8042517","10.1177/1465312521995508","PMC 8042517.xml",TRUE,FALSE,"10.1177/1465312521995508",FALSE,"",FALSE,"","",TRUE
"422","33667347","","8046341","10.1016/j.joms.2021.01.033","PMC 8046341.xml",TRUE,FALSE,"10.1016/j.joms.2021.01.033",FALSE,"",FALSE,"","",TRUE
"423","33879144","","8056369","10.1186/s12903-021-01564-6","PMC 8056369.xml",TRUE,TRUE,"10.1186/s12903-021-01564-6",FALSE,"",FALSE,"","",TRUE
"424","33947605","","8057932","10.1016/j.bjoms.2021.04.008","PMC 8057932.xml",TRUE,FALSE,"10.1016/j.bjoms.2021.04.008",FALSE,"",FALSE,"","",TRUE
"425","33883703","","8058572","10.1038/s41415-021-2849-7","PMC 8058572.xml",TRUE,FALSE,"10.1038/s41415-021-2849-7",FALSE,"",FALSE,"","",TRUE
"426","34097864","","8062423","10.1016/j.joms.2021.04.016","PMC 8062423.xml",TRUE,FALSE,"10.1016/j.joms.2021.04.016",FALSE,"",FALSE,"","",TRUE
"427","33893423","","8063185","10.1038/s41415-021-2835-0","PMC 8063185.xml",TRUE,FALSE,"10.1038/s41415-021-2835-0",FALSE,"",FALSE,"","",TRUE
"428","33902535","","8074701","10.1186/s12903-021-01577-1","PMC 8074701.xml",TRUE,TRUE,"10.1186/s12903-021-01577-1",FALSE,"",FALSE,"","",TRUE
"429","34479668","","8080510","10.1016/j.jebdp.2021.101584","PMC 8080510.xml",TRUE,TRUE,"10.1016/j.jebdp.2021.101584",FALSE,"",FALSE,"","",TRUE
"430","33941170","","8091671","10.1186/s12903-021-01590-4","PMC 8091671.xml",TRUE,FALSE,"10.1186/s12903-021-01590-4",FALSE,"",FALSE,"","",TRUE
"431","34344507","","8096172","10.1016/j.adaj.2021.04.021","PMC 8096172.xml",TRUE,FALSE,"10.1016/j.adaj.2021.04.021",FALSE,"",FALSE,"","",TRUE
"432","34176567","","8096195","10.1016/j.adaj.2021.04.019","PMC 8096195.xml",TRUE,TRUE,"10.1016/j.adaj.2021.04.019",FALSE,"",FALSE,"","",TRUE
"433","33954852","","8099141","10.1007/s10006-021-00965-9","PMC 8099141.xml",TRUE,TRUE,"10.1007/s10006-021-00965-9",FALSE,"",FALSE,"","",TRUE
"434","33957922","","8100939","10.1186/s12903-021-01599-9","PMC 8100939.xml",TRUE,TRUE,"10.1186/s12903-021-01599-9",FALSE,"",FALSE,"","",TRUE
"435","34301398","","8101782","10.1016/j.adaj.2021.04.020","PMC 8101782.xml",TRUE,TRUE,"10.1016/j.adaj.2021.04.020",FALSE,"",FALSE,"","",TRUE
"436","33962609","","8102846","10.1186/s12903-021-01601-4","PMC 8102846.xml",TRUE,TRUE,"10.1186/s12903-021-01601-4",FALSE,"",FALSE,"","",TRUE
"437","34148630","","8103178","10.1016/j.identj.2021.04.004","PMC 8103178.xml",TRUE,TRUE,"10.1016/j.identj.2021.04.004",FALSE,"",FALSE,"","",TRUE
"438","33950084","","8103901","10.1590/2177-6709.26.2.e21ins2","PMC 8103901.xml",TRUE,TRUE,"10.1590/2177-6709.26.2.e21ins2",FALSE,"",FALSE,"","",TRUE
"439","33975613","","8110692","10.1186/s13005-021-00267-1","PMC 8110692.xml",TRUE,FALSE,"10.1186/s13005-021-00267-1",FALSE,"",FALSE,"","",TRUE
"440","33980235","","8114663","10.1186/s12903-021-01627-8","PMC 8114663.xml",TRUE,TRUE,"10.1186/s12903-021-01627-8",FALSE,"",FALSE,"","",TRUE
"441","33973494","","8120146","10.1177/00220345211014441","PMC 8120146.xml",TRUE,TRUE,"10.1177/00220345211014441",FALSE,"",FALSE,"","",TRUE
"442","34172261","","8126174","10.1016/j.identj.2021.05.002","PMC 8126174.xml",TRUE,FALSE,"10.1016/j.identj.2021.05.002",FALSE,"",FALSE,"","",TRUE
"443","34511346","","8127516","10.1016/j.oooo.2021.05.004","PMC 8127516.xml",TRUE,TRUE,"10.1016/j.oooo.2021.05.004",FALSE,"",FALSE,"","",TRUE
"444","34294476","","8130586","10.1016/j.bjoms.2021.05.011","PMC 8130586.xml",TRUE,TRUE,"10.1016/j.bjoms.2021.05.011",FALSE,"",FALSE,"","",TRUE
"445","34016110","","8135170","10.1186/s12903-021-01635-8","PMC 8135170.xml",TRUE,FALSE,"10.1186/s12903-021-01635-8",FALSE,"",FALSE,"","",TRUE
"446","33792422","","8138328","10.1177/00220345211005782","PMC 8138328.xml",TRUE,FALSE,"10.1177/00220345211005782",FALSE,"",FALSE,"","",TRUE
"447","33779355","","8138329","10.1177/00220345211004849","PMC 8138329.xml",TRUE,TRUE,"10.1177/00220345211004849",FALSE,"",FALSE,"","",TRUE
"448","34144788","","8139262","10.1016/j.prosdent.2021.04.020","PMC 8139262.xml",TRUE,TRUE,"10.1016/j.prosdent.2021.04.020",FALSE,"",FALSE,"","",TRUE
"449","34226066","","8141716","10.1016/j.identj.2021.05.006","PMC 8141716.xml",TRUE,FALSE,"10.1016/j.identj.2021.05.006",FALSE,"",FALSE,"","",TRUE
"450","34034897","","8141906","10.1016/j.prosdent.2021.03.022","PMC 8141906.xml",TRUE,TRUE,"10.1016/j.prosdent.2021.03.022",FALSE,"",FALSE,"","",TRUE
"451","34044977","","8142318","10.1016/j.adaj.2021.02.013","PMC 8142318.xml",TRUE,TRUE,"10.1016/j.adaj.2021.02.013",FALSE,"",FALSE,"","",TRUE
"452","34044974","","8142320","10.1016/j.adaj.2021.03.021","PMC 8142320.xml",TRUE,FALSE,"10.1016/j.adaj.2021.03.021",FALSE,"",FALSE,"","",TRUE
"453","34171221","","8146273","10.1016/j.joms.2021.05.026","PMC 8146273.xml",TRUE,FALSE,"10.1016/j.joms.2021.05.026",FALSE,"",FALSE,"","",TRUE
"454","34037853","","8152705","10.1007/s00784-021-04001-8","PMC 8152705.xml",TRUE,FALSE,"10.1007/s00784-021-04001-8",TRUE,"field-specific repository",FALSE,"table 1 characteristics of the subjects included in the pilot study subject number group symptoms nasopharyngeal swab serological testing ct values (n1) ct values (ip2) 1 susp mild negative negative nd 3578 2 susp mild negative negative nd 3571 3 pos present positive positive nd 3728 4 pos present positive positive nd 4107 5 pos present positive positive nd 3337 6 pos present positive negative 3619 3473 7 pos present positive positive nd 3269 8 ctrl absent negative negative nd 3725 9 ctrl absent negative negative nd nd 10 ctrl absent negative negative nd nd 11 ctrl absent negative negative nd nd 12 ctrl absent negative negative nd nd pos subjects with previous diagnosis of sars-cov-2 infection and healed at the time of sampling susp individual contact with a subject with diagnosis of sars-cov-2 infection who developed mild symptoms ctrl subjects who denied both contacts with positive subjects and symptoms n1 primers and probes for pcr amplification of the n gene 28287-28358* (us centers for disease control and prevention cdc usa) ip2 primers and probes for pcr amplification of the rdrp gene 12690-12797* (institute pasteur paris) nd not detectable nucleotide numbering based on wuhan-hu-1 genbank mn908997 dental calculus has been previously analyzed mostly for microbiome definition in archaeological human samples and serving as milieu for the preservation of genomic information.","",TRUE
"455","34050294","","8161704","10.1038/s41415-021-3020-1","PMC 8161704.xml",TRUE,FALSE,"10.1038/s41415-021-3020-1",FALSE,"",FALSE,"","",TRUE
"456","34050295","","8161708","10.1038/s41415-021-3016-x","PMC 8161708.xml",TRUE,FALSE,"10.1038/s41415-021-3016-x",FALSE,"",FALSE,"","",TRUE
"457","33427780","","8162042","10.1097/SCS.0000000000007427","PMC 8162042.xml",TRUE,TRUE,"10.1097/SCS.0000000000007427",FALSE,"",FALSE,"","",TRUE
"458","33840762","","8162044","10.1097/SCS.0000000000007658","PMC 8162044.xml",TRUE,FALSE,"10.1097/SCS.0000000000007658",FALSE,"",FALSE,"","",TRUE
"459","33229987","","8162046","10.1097/SCS.0000000000007253","PMC 8162046.xml",TRUE,FALSE,"10.1097/SCS.0000000000007253",FALSE,"",FALSE,"","",TRUE
"460","33427781","","8162048","10.1097/SCS.0000000000007428","PMC 8162048.xml",TRUE,TRUE,"10.1097/SCS.0000000000007428",FALSE,"",FALSE,"","",TRUE
"461","34090684","","8172569","10.1016/j.identj.2021.04.002","PMC 8172569.xml",TRUE,TRUE,"10.1016/j.identj.2021.04.002",FALSE,"",FALSE,"","",TRUE
"462","34389228","","8179059","10.1016/j.coms.2021.06.002","PMC 8179059.xml",TRUE,FALSE,"10.1016/j.coms.2021.06.002",FALSE,"",FALSE,"","",TRUE
"463","33213707","","8180388","10.1016/j.cden.2020.09.011","PMC 8180388.xml",TRUE,TRUE,"10.1016/j.cden.2020.09.011",FALSE,"",FALSE,"","",TRUE
"464","34101037","","8185310","10.1186/s40510-021-00363-7","PMC 8185310.xml",TRUE,TRUE,"10.1186/s40510-021-00363-7",FALSE,"",FALSE,"","",TRUE
"465","34561086","","8193024","10.1016/j.adaj.2021.05.021","PMC 8193024.xml",TRUE,TRUE,"10.1016/j.adaj.2021.05.021",FALSE,"",FALSE,"","",TRUE
"466","34117435","","8193167","10.1038/s41415-021-2937-8","PMC 8193167.xml",TRUE,TRUE,"10.1038/s41415-021-2937-8",FALSE,"",FALSE,"","",TRUE
"467","33377282","","8204036","10.1002/cre2.383","PMC 8204036.xml",TRUE,TRUE,"10.1002/cre2.383",FALSE,"",FALSE,"","",TRUE
"468","34144245","","8205559","10.1016/j.jormas.2021.06.003","PMC 8205559.xml",TRUE,FALSE,"10.1016/j.jormas.2021.06.003",FALSE,"",FALSE,"","",TRUE
"469","33902341","","8207488","10.1177/23800844211011985","PMC 8207488.xml",TRUE,TRUE,"10.1177/23800844211011985",FALSE,"",FALSE,"","",TRUE
"470","34145477","","8212794","10.1007/s00784-021-04030-3","PMC 8212794.xml",TRUE,TRUE,"10.1007/s00784-021-04030-3",FALSE,"",FALSE,"","",TRUE
"471","34174588","","8215882","10.1016/j.archoralbio.2021.105201","PMC 8215882.xml",TRUE,FALSE,"10.1016/j.archoralbio.2021.105201",FALSE,"",FALSE,"","",TRUE
"472","34172916","","8226330","10.1038/s41432-021-0174-2","PMC 8226330.xml",TRUE,FALSE,"10.1038/s41432-021-0174-2",FALSE,"",FALSE,"","",TRUE
"473","34172903","","8226331","10.1038/s41432-021-0170-6","PMC 8226331.xml",TRUE,TRUE,"10.1038/s41432-021-0170-6",FALSE,"",FALSE,"","",TRUE
"474","34172913","","8226332","10.1038/s41432-021-0177-z","PMC 8226332.xml",TRUE,FALSE,"10.1038/s41432-021-0177-z",FALSE,"",FALSE,"","",TRUE
"475","34172907","","8226333","10.1038/s41432-021-0184-0","PMC 8226333.xml",TRUE,FALSE,"10.1038/s41432-021-0184-0",FALSE,"",FALSE,"","",TRUE
"476","34172910","","8226334","10.1038/s41432-021-0179-x","PMC 8226334.xml",TRUE,FALSE,"10.1038/s41432-021-0179-x",FALSE,"",FALSE,"","",TRUE
"477","34172918","","8226336","10.1038/s41432-021-0172-4","PMC 8226336.xml",TRUE,TRUE,"10.1038/s41432-021-0172-4",FALSE,"",FALSE,"","",TRUE
"478","34172902","","8226337","10.1038/s41432-021-0171-5","PMC 8226337.xml",TRUE,FALSE,"10.1038/s41432-021-0171-5",FALSE,"",FALSE,"","",TRUE
"479","34172906","","8226338","10.1038/s41432-021-0185-z","PMC 8226338.xml",TRUE,TRUE,"10.1038/s41432-021-0185-z",FALSE,"",FALSE,"","",TRUE
"480","34172908","","8226341","10.1038/s41432-021-0183-1","PMC 8226341.xml",TRUE,FALSE,"10.1038/s41432-021-0183-1",FALSE,"",FALSE,"","",TRUE
"481","34172912","","8226342","10.1038/s41432-021-0178-y","PMC 8226342.xml",TRUE,FALSE,"10.1038/s41432-021-0178-y",FALSE,"",FALSE,"","",TRUE
"482","34172919","","8226343","10.1038/s41432-021-0180-4","PMC 8226343.xml",TRUE,FALSE,"10.1038/s41432-021-0180-4",FALSE,"",FALSE,"","",TRUE
"483","34172914","","8226344","10.1038/s41432-021-0176-0","PMC 8226344.xml",TRUE,FALSE,"10.1038/s41432-021-0176-0",FALSE,"",FALSE,"","",TRUE
"484","34172917","","8226345","10.1038/s41432-021-0173-3","PMC 8226345.xml",TRUE,FALSE,"10.1038/s41432-021-0173-3",FALSE,"",FALSE,"","",TRUE
"485","34172901","","8226347","10.1038/s41432-021-0169-z","PMC 8226347.xml",TRUE,TRUE,"10.1038/s41432-021-0169-z",FALSE,"",FALSE,"","",TRUE
"486","34172904","","8226348","10.1038/s41432-021-0168-0","PMC 8226348.xml",TRUE,FALSE,"10.1038/s41432-021-0168-0",FALSE,"",FALSE,"","",TRUE
"487","34172911","","8226352","10.1038/s41432-021-0181-3","PMC 8226352.xml",TRUE,FALSE,"10.1038/s41432-021-0181-3",FALSE,"",FALSE,"","",TRUE
"488","34172909","","8226354","10.1038/s41432-021-0182-2","PMC 8226354.xml",TRUE,FALSE,"10.1038/s41432-021-0182-2",FALSE,"",FALSE,"","",TRUE
"489","34172921","","8231751","10.1038/s41415-021-3015-y","PMC 8231751.xml",TRUE,TRUE,"10.1038/s41415-021-3015-y",FALSE,"",FALSE,"","",TRUE
"490","34563354","","8233061","10.1016/j.bjoms.2021.06.011","PMC 8233061.xml",TRUE,TRUE,"10.1016/j.bjoms.2021.06.011",FALSE,"",FALSE,"","",TRUE
"491","34173887","","8233631","10.1007/s00784-021-04010-7","PMC 8233631.xml",TRUE,FALSE,"10.1007/s00784-021-04010-7",FALSE,"",FALSE,"","",TRUE
"492","33208702","","8237839","10.1097/SCS.0000000000007245","PMC 8237839.xml",TRUE,FALSE,"10.1097/SCS.0000000000007245",FALSE,"",FALSE,"","",TRUE
"493","33201071","","8237840","10.1097/SCS.0000000000007226","PMC 8237840.xml",TRUE,FALSE,"10.1097/SCS.0000000000007226",FALSE,"",FALSE,"","",TRUE
"494","34190772","","8238420","10.1590/2177-6709.26.3.e21ins3","PMC 8238420.xml",TRUE,FALSE,"10.1590/2177-6709.26.3.e21ins3",FALSE,"",FALSE,"","",TRUE
"495","34507870","","8239211","10.1016/j.bjoms.2021.06.013","PMC 8239211.xml",TRUE,FALSE,"10.1016/j.bjoms.2021.06.013",FALSE,"",FALSE,"","",TRUE
"496","34185102","","8239479","10.1007/s00056-021-00315-0","PMC 8239479.xml",TRUE,TRUE,"10.1007/s00056-021-00315-0",FALSE,"",FALSE,"","",TRUE
"497","33931952","","8239795","10.1002/cre2.429","PMC 8239795.xml",TRUE,TRUE,"10.1002/cre2.429",FALSE,"",FALSE,"","",TRUE
"498","33964018","","8242383","10.1002/jdd.12643","PMC 8242383.xml",TRUE,TRUE,"10.1002/jdd.12643",FALSE,"",FALSE,"","",TRUE
"499","33913152","","8242421","10.1002/jdd.12632","PMC 8242421.xml",TRUE,TRUE,"10.1002/jdd.12632",FALSE,"",FALSE,"","",TRUE
"500","34046944","","8242462","10.1111/ipd.12843","PMC 8242462.xml",TRUE,FALSE,"10.1111/ipd.12843",FALSE,"",FALSE,"","",TRUE
"501","34002923","","8242542","10.1111/odi.13919","PMC 8242542.xml",TRUE,TRUE,"10.1111/odi.13919",FALSE,"",FALSE,"","",TRUE
"502","34080272","","8242702","10.1111/odi.13934","PMC 8242702.xml",TRUE,TRUE,"10.1111/odi.13934",FALSE,"",FALSE,"","",TRUE
"503","33964012","","8242731","10.1002/jdd.12642","PMC 8242731.xml",TRUE,TRUE,"10.1002/jdd.12642",FALSE,"",FALSE,"","",TRUE
"504","34089186","","8242766","10.1002/jdd.12699","PMC 8242766.xml",TRUE,TRUE,"10.1002/jdd.12699",FALSE,"",FALSE,"","",TRUE
"505","34089182","","8242775","10.1002/jdd.12700","PMC 8242775.xml",TRUE,FALSE,"10.1002/jdd.12700",FALSE,"",FALSE,"","",TRUE
"506","34046898","","8242849","10.1002/jdd.12653","PMC 8242849.xml",TRUE,TRUE,"10.1002/jdd.12653",FALSE,"",FALSE,"","",TRUE
"507","33991381","","8242875","10.1111/odi.13916","PMC 8242875.xml",TRUE,TRUE,"10.1111/odi.13916",FALSE,"",FALSE,"","",TRUE
"508","34210281","","8248759","10.1186/s12903-021-01674-1","PMC 8248759.xml",TRUE,TRUE,"10.1186/s12903-021-01674-1",FALSE,"",FALSE,"","",TRUE
"509","34419244","","8249674","10.1016/j.identj.2021.06.004","PMC 8249674.xml",TRUE,TRUE,"10.1016/j.identj.2021.06.004",FALSE,"",FALSE,"","",TRUE
"510","33822391","","8250468","10.1111/scd.12593","PMC 8250468.xml",TRUE,TRUE,"10.1111/scd.12593",FALSE,"",FALSE,"","",TRUE
"511","33730371","","8250718","10.1111/ipd.12784","PMC 8250718.xml",TRUE,TRUE,"10.1111/ipd.12784",FALSE,"",FALSE,"","",TRUE
"512","33893747","","8250785","10.1002/jdd.12635","PMC 8250785.xml",TRUE,FALSE,"10.1002/jdd.12635",FALSE,"",FALSE,"","",TRUE
"513","33797867","","8250837","10.1111/idh.12502","PMC 8250837.xml",TRUE,TRUE,"10.1111/idh.12502",FALSE,"",FALSE,"","",TRUE
"514","33772784","","8250841","10.1002/jdd.12597","PMC 8250841.xml",TRUE,FALSE,"10.1002/jdd.12597",FALSE,"",FALSE,"","",TRUE
"515","33723904","","8250882","10.1002/jdd.12588","PMC 8250882.xml",TRUE,TRUE,"10.1002/jdd.12588",FALSE,"",FALSE,"","",TRUE
"516","33711195","","8251174","10.1111/edt.12667","PMC 8251174.xml",TRUE,FALSE,"10.1111/edt.12667",FALSE,"",FALSE,"","",TRUE
"517","33735481","","8251206","10.1002/jdd.12594","PMC 8251206.xml",TRUE,FALSE,"10.1002/jdd.12594",FALSE,"",FALSE,"","",TRUE
"518","33759214","","8251403","10.1002/jdd.12587","PMC 8251403.xml",TRUE,TRUE,"10.1002/jdd.12587",FALSE,"",FALSE,"","",TRUE
"519","33899251","","8251434","10.1111/jcpe.13471","PMC 8251434.xml",TRUE,TRUE,"10.1111/jcpe.13471",FALSE,"",FALSE,"","",TRUE
"520","33772953","","8251452","10.1111/odi.13857","PMC 8251452.xml",TRUE,FALSE,"10.1111/odi.13857",FALSE,"",FALSE,"","",TRUE
"521","33609022","","8254882","10.4317/medoral.24424","PMC 8254882.xml",TRUE,TRUE,"10.4317/medoral.24424",FALSE,"",FALSE,"","",TRUE
"522","33977764","","8258727","10.1177/00220345211015948","PMC 8258727.xml",TRUE,FALSE,"10.1177/00220345211015948",FALSE,"",FALSE,"","",TRUE
"523","34246819","","8265185","10.1016/j.jormas.2021.07.001","PMC 8265185.xml",TRUE,FALSE,"10.1016/j.jormas.2021.07.001",FALSE,"",FALSE,"","",TRUE
"524","34244639","","8267501","10.1038/s41415-021-3174-x","PMC 8267501.xml",TRUE,TRUE,"10.1038/s41415-021-3174-x",FALSE,"",FALSE,"","",TRUE
"525","34243727","","8268618","10.1186/s12903-021-01697-8","PMC 8268618.xml",TRUE,FALSE,"10.1186/s12903-021-01697-8",FALSE,"",FALSE,"","",TRUE
"526","34272111","","8276090","10.1016/j.bjoms.2021.02.014","PMC 8276090.xml",TRUE,TRUE,"10.1016/j.bjoms.2021.02.014",FALSE,"",FALSE,"","",TRUE
"527","34332927","","8279944","10.1016/j.ejwf.2021.07.002","PMC 8279944.xml",TRUE,FALSE,"10.1016/j.ejwf.2021.07.002",FALSE,"",FALSE,"","",TRUE
"528","34339619","","8282937","10.1016/j.joms.2021.06.037","PMC 8282937.xml",TRUE,FALSE,"10.1016/j.joms.2021.06.037",FALSE,"",FALSE,"","",TRUE
"529","34280498","","8285212","10.1016/j.jdent.2021.103749","PMC 8285212.xml",TRUE,FALSE,"10.1016/j.jdent.2021.103749",FALSE,"",FALSE,"","",TRUE
"530","34465484","","8286863","10.1016/j.identj.2021.07.002","PMC 8286863.xml",TRUE,TRUE,"10.1016/j.identj.2021.07.002",FALSE,"",FALSE,"","",TRUE
"531","34289851","","8293529","10.1186/s12903-021-01725-7","PMC 8293529.xml",TRUE,TRUE,"10.1186/s12903-021-01725-7",FALSE,"",FALSE,"","",TRUE
"532","34309736","","8311063","10.1007/s00784-021-04075-4","PMC 8311063.xml",TRUE,TRUE,"10.1007/s00784-021-04075-4",FALSE,"",FALSE,"","",TRUE
"533","34320119","","8315790","10.1590/1678-7757-2020-1089","PMC 8315790.xml",TRUE,TRUE,"10.1590/1678-7757-2020-1089",FALSE,"",FALSE,"","",TRUE
"534","34385650","","8359913","10.1038/s41415-021-3318-z","PMC 8359913.xml",TRUE,FALSE,"10.1038/s41415-021-3318-z",FALSE,"",FALSE,"","",TRUE
"535","34387730","","8360804","10.1007/s00784-021-04129-7","PMC 8360804.xml",TRUE,FALSE,"10.1007/s00784-021-04129-7",FALSE,"",FALSE,"","",TRUE
"536","34400252","","8361006","10.1016/j.jdent.2021.103782","PMC 8361006.xml",TRUE,FALSE,"10.1016/j.jdent.2021.103782",FALSE,"",FALSE,"","",TRUE
"537","34433449","","8386340","10.1186/s12903-021-01778-8","PMC 8386340.xml",TRUE,TRUE,"10.1186/s12903-021-01778-8",FALSE,"",FALSE,"","",TRUE
"538","33427776","","8386443","10.1097/SCS.0000000000007412","PMC 8386443.xml",TRUE,TRUE,"10.1097/SCS.0000000000007412",FALSE,"",FALSE,"","",TRUE
"539","34455018","","8388145","10.1016/j.jdent.2021.103791","PMC 8388145.xml",TRUE,TRUE,"10.1016/j.jdent.2021.103791",FALSE,"",FALSE,"","",TRUE
"540","34852938","","8388193","10.1016/j.bjoms.2021.08.002","PMC 8388193.xml",TRUE,TRUE,"10.1016/j.bjoms.2021.08.002",FALSE,"",FALSE,"","",TRUE
"541","34446841","","8390019","10.1038/s41415-021-3317-0","PMC 8390019.xml",TRUE,TRUE,"10.1038/s41415-021-3317-0",FALSE,"",FALSE,"","",TRUE
"542","34446899","","8390023","10.1038/s41415-021-3258-7","PMC 8390023.xml",TRUE,TRUE,"10.1038/s41415-021-3258-7",FALSE,"",FALSE,"","",TRUE
"543","34446894","","8390028","10.1038/s41415-021-3320-5","PMC 8390028.xml",TRUE,TRUE,"10.1038/s41415-021-3320-5",FALSE,"",FALSE,"","",TRUE
"544","34446892","","8390057","10.1038/s41415-021-3321-4","PMC 8390057.xml",TRUE,FALSE,"10.1038/s41415-021-3321-4",FALSE,"",FALSE,"","",TRUE
"545","34448073","","8390180","10.1007/s00784-021-04111-3","PMC 8390180.xml",TRUE,FALSE,"10.1007/s00784-021-04111-3",FALSE,"",FALSE,"","",TRUE
"546","34509332","","8390376","10.1016/j.ajodo.2021.01.022","PMC 8390376.xml",TRUE,TRUE,"10.1016/j.ajodo.2021.01.022",FALSE,"",FALSE,"","",TRUE
"547","34922731","","8402995","10.1016/j.jebdp.2021.101633","PMC 8402995.xml",TRUE,TRUE,"10.1016/j.jebdp.2021.101633",FALSE,"",FALSE,"","",TRUE
"548","34565628","","8405595","10.1016/j.ajodo.2021.08.010","PMC 8405595.xml",TRUE,TRUE,"10.1016/j.ajodo.2021.08.010",FALSE,"",FALSE,"","",TRUE
"549","33772567","","8412440","10.4317/medoral.24461","PMC 8412440.xml",TRUE,FALSE,"10.4317/medoral.24461",FALSE,"",FALSE,"","",TRUE
"550","33772565","","8412452","10.4317/medoral.24510","PMC 8412452.xml",TRUE,TRUE,"10.4317/medoral.24510",FALSE,"",FALSE,"","",TRUE
"551","34481505","","8417659","10.1186/s13005-021-00289-9","PMC 8417659.xml",TRUE,TRUE,"10.1186/s13005-021-00289-9",FALSE,"",FALSE,"","",TRUE
"552","34489546","","8420960","10.1038/s41415-021-3379-z","PMC 8420960.xml",TRUE,TRUE,"10.1038/s41415-021-3379-z",FALSE,"",FALSE,"","",TRUE
"553","34489544","","8420962","10.1038/s41415-021-3375-3","PMC 8420962.xml",TRUE,TRUE,"10.1038/s41415-021-3375-3",FALSE,"",FALSE,"","",TRUE
"554","34493255","","8422366","10.1186/s12903-021-01793-9","PMC 8422366.xml",TRUE,TRUE,"10.1186/s12903-021-01793-9",FALSE,"",FALSE,"","",TRUE
"555","34506921","","8423778","10.1016/j.job.2021.08.004","PMC 8423778.xml",TRUE,TRUE,"10.1016/j.job.2021.08.004",FALSE,"",FALSE,"","",TRUE
"556","34387880","","8426687","10.1002/jdd.12758","PMC 8426687.xml",TRUE,TRUE,"10.1002/jdd.12758",FALSE,"",FALSE,"","",TRUE
"557","34268733","","8426754","10.1002/jdd.12742","PMC 8426754.xml",TRUE,TRUE,"10.1002/jdd.12742",FALSE,"",FALSE,"","",TRUE
"558","34375455","","8426815","10.1002/jdd.12773","PMC 8426815.xml",TRUE,FALSE,"10.1002/jdd.12773",FALSE,"",FALSE,"","",TRUE
"559","34196128","","8427031","10.1002/cre2.466","PMC 8427031.xml",TRUE,TRUE,"10.1002/cre2.466",FALSE,"",FALSE,"","",TRUE
"560","34368967","","8427074","10.1002/jdd.12772","PMC 8427074.xml",TRUE,FALSE,"10.1002/jdd.12772",FALSE,"",FALSE,"","",TRUE
"561","34375452","","8427104","10.1002/jdd.12775","PMC 8427104.xml",TRUE,TRUE,"10.1002/jdd.12775",FALSE,"",FALSE,"","",TRUE
"562","34508208","","8430280","10.1038/s41415-021-3376-2","PMC 8430280.xml",TRUE,FALSE,"10.1038/s41415-021-3376-2",FALSE,"",FALSE,"","",TRUE
"563","34656295","","8444228","10.1016/j.adaj.2021.07.002","PMC 8444228.xml",TRUE,TRUE,"10.1016/j.adaj.2021.07.002",FALSE,"",FALSE,"","",TRUE
"564","34196047","","8444665","10.1111/clr.13784","PMC 8444665.xml",FALSE,FALSE,"10.1111/clr.13784",FALSE,"",FALSE,"","",TRUE
"565","34270106","","8444729","10.1111/cdoe.12680","PMC 8444729.xml",TRUE,TRUE,"10.1111/cdoe.12680",FALSE,"",FALSE,"","",TRUE
"566","34196051","","8444799","10.1111/clr.13783","PMC 8444799.xml",TRUE,FALSE,"10.1111/clr.13783",FALSE,"",FALSE,"","",TRUE
"567","34390127","","8444812","10.1111/idh.12544","PMC 8444812.xml",TRUE,FALSE,"10.1111/idh.12544",FALSE,"",FALSE,"","",TRUE
"568","34196063","","8444925","10.1111/clr.13780","PMC 8444925.xml",TRUE,FALSE,"10.1111/clr.13780",FALSE,"",FALSE,"","",TRUE
"569","34342110","","8447065","10.1111/odi.13988","PMC 8447065.xml",TRUE,TRUE,"10.1111/odi.13988",FALSE,"",FALSE,"","",TRUE
"570","34181804","","8447127","10.1111/odi.13951","PMC 8447127.xml",TRUE,TRUE,"10.1111/odi.13951",FALSE,"",FALSE,"","",TRUE
"571","34390095","","8447139","10.1111/odi.14006","PMC 8447139.xml",TRUE,TRUE,"10.1111/odi.14006",FALSE,"",FALSE,"","",TRUE
"572","34245645","","8447418","10.1111/odi.13958","PMC 8447418.xml",TRUE,TRUE,"10.1111/odi.13958",FALSE,"",FALSE,"","",TRUE
"573","34148269","","8447441","10.1111/ipd.12764","PMC 8447441.xml",TRUE,TRUE,"10.1111/ipd.12764",FALSE,"",FALSE,"","",TRUE
"574","34535114","","8448172","10.1186/s12903-021-01825-4","PMC 8448172.xml",TRUE,TRUE,"10.1186/s12903-021-01825-4",FALSE,"",FALSE,"","",TRUE
"575","34702584","","8452507","10.1016/j.prosdent.2021.09.002","PMC 8452507.xml",TRUE,TRUE,"10.1016/j.prosdent.2021.09.002",FALSE,"",FALSE,"","",TRUE
"576","34706826","","8452527","10.1016/j.identj.2021.09.003","PMC 8452527.xml",TRUE,TRUE,"10.1016/j.identj.2021.09.003",FALSE,"",FALSE,"","",TRUE
"577","34552211","","8456399","10.1038/s41415-021-3405-1","PMC 8456399.xml",TRUE,TRUE,"10.1038/s41415-021-3405-1",FALSE,"",FALSE,"","",TRUE
"578","34463994","","8457130","10.1111/prd.12398","PMC 8457130.xml",TRUE,TRUE,"10.1111/prd.12398",FALSE,"",FALSE,"","",TRUE
"579","34077690","","8461044","10.1177/00220345211020270","PMC 8461044.xml",TRUE,TRUE,"10.1177/00220345211020270",FALSE,"",FALSE,"","",TRUE
"580","34271846","","8461046","10.1177/00220345211029638","PMC 8461046.xml",TRUE,TRUE,"10.1177/00220345211029638",FALSE,"",FALSE,"","",TRUE
"581","34561583","","8461151","10.1038/s41415-021-3465-2","PMC 8461151.xml",TRUE,FALSE,"10.1038/s41415-021-3465-2",FALSE,"",FALSE,"","",TRUE
"582","34579698","","8474752","10.1186/s12903-021-01834-3","PMC 8474752.xml",TRUE,FALSE,"10.1186/s12903-021-01834-3",FALSE,"",FALSE,"","",TRUE
"583","34587930","","8479009","10.1186/s12903-021-01831-6","PMC 8479009.xml",TRUE,TRUE,"10.1186/s12903-021-01831-6",FALSE,"",FALSE,"","",TRUE
"584","34656510","","8481115","10.1016/j.joms.2021.09.016","PMC 8481115.xml",TRUE,FALSE,"10.1016/j.joms.2021.09.016",FALSE,"",FALSE,"","",TRUE
"585","34785063","","8483898","10.1016/j.identj.2021.09.004","PMC 8483898.xml",TRUE,TRUE,"10.1016/j.identj.2021.09.004",FALSE,"",FALSE,"","",TRUE
"586","34176568","","8486490","10.1016/j.adaj.2021.03.011","PMC 8486490.xml",TRUE,TRUE,"10.1016/j.adaj.2021.03.011",FALSE,"",FALSE,"","",TRUE
"587","34688518","","8487782","10.1016/j.ajodo.2020.11.040","PMC 8487782.xml",TRUE,FALSE,"10.1016/j.ajodo.2020.11.040",FALSE,"",FALSE,"","",TRUE
"588","34607593","","8489369","10.1186/s12903-021-01860-1","PMC 8489369.xml",TRUE,TRUE,"10.1186/s12903-021-01860-1",FALSE,"",FALSE,"","",TRUE
"589","34626613","","8493639","10.1016/j.joen.2021.09.015","PMC 8493639.xml",TRUE,TRUE,"10.1016/j.joen.2021.09.015",FALSE,"",FALSE,"","",TRUE
"590","34616029","","8494167","10.1038/s41415-021-3472-3","PMC 8494167.xml",TRUE,FALSE,"10.1038/s41415-021-3472-3",FALSE,"",FALSE,"","",TRUE
"591","34618280","","8495432","10.1007/s10006-021-01007-0","PMC 8495432.xml",TRUE,FALSE,"10.1007/s10006-021-01007-0",FALSE,"",FALSE,"","",TRUE
"592","34622312","","8497068","10.1007/s10006-021-01010-5","PMC 8497068.xml",TRUE,TRUE,"10.1007/s10006-021-01010-5",FALSE,"",FALSE,"","",TRUE
"593","34688590","","8502457","10.1016/j.oooo.2021.09.011","PMC 8502457.xml",TRUE,FALSE,"10.1016/j.oooo.2021.09.011",FALSE,"",FALSE,"","",TRUE
"594","34637092","","8505788","10.1007/s10266-021-00660-x","PMC 8505788.xml",TRUE,TRUE,"10.1007/s10266-021-00660-x",FALSE,"",FALSE,"","",TRUE
"595","34645423","","8510883","10.1186/s12903-021-01871-y","PMC 8510883.xml",TRUE,TRUE,"10.1186/s12903-021-01871-y",FALSE,"",FALSE,"","",TRUE
"596","34763816","","8520822","10.1016/j.adaj.2021.07.023","PMC 8520822.xml",TRUE,TRUE,"10.1016/j.adaj.2021.07.023",FALSE,"",FALSE,"","",TRUE
"597","34614122","","8523097","10.1590/1678-7757-2021-0122","PMC 8523097.xml",TRUE,TRUE,"10.1590/1678-7757-2021-0122",FALSE,"",FALSE,"","",TRUE
"598","34686818","","8531912","10.1038/s41415-021-3535-5","PMC 8531912.xml",TRUE,TRUE,"10.1038/s41415-021-3535-5",FALSE,"",FALSE,"","",TRUE
"599","34310427","","8549123","10.1097/SCS.0000000000007826","PMC 8549123.xml",TRUE,TRUE,"10.1097/SCS.0000000000007826",FALSE,"",FALSE,"","",TRUE
"600","34538788","","8549125","10.1097/SCS.0000000000008172","PMC 8549125.xml",TRUE,TRUE,"10.1097/SCS.0000000000008172",FALSE,"",FALSE,"","",TRUE
"601","33935140","","8549127","10.1097/SCS.0000000000007699","PMC 8549127.xml",TRUE,TRUE,"10.1097/SCS.0000000000007699",FALSE,"",FALSE,"","",TRUE
"602","34310426","","8549128","10.1097/SCS.0000000000008018","PMC 8549128.xml",TRUE,FALSE,"10.1097/SCS.0000000000008018",FALSE,"",FALSE,"","",TRUE
"603","34560756","","8549131","10.1097/SCS.0000000000008231","PMC 8549131.xml",TRUE,TRUE,"10.1097/SCS.0000000000008231",FALSE,"",FALSE,"","",TRUE
"604","34191771","","8549132","10.1097/SCS.0000000000007753","PMC 8549132.xml",TRUE,FALSE,"10.1097/SCS.0000000000007753",FALSE,"",FALSE,"","",TRUE
"605","34267138","","8549133","10.1097/SCS.0000000000007991","PMC 8549133.xml",TRUE,TRUE,"10.1097/SCS.0000000000007991",FALSE,"",FALSE,"","",TRUE
"606","34756590","","8553648","10.1016/j.adaj.2021.08.007","PMC 8553648.xml",TRUE,FALSE,"10.1016/j.adaj.2021.08.007",FALSE,"",FALSE,"","",TRUE
"607","34756303","","8554223","10.1016/j.joms.2021.06.034","PMC 8554223.xml",TRUE,TRUE,"10.1016/j.joms.2021.06.034",FALSE,"",FALSE,"","",TRUE
"608","34749921","","8570943","10.1016/j.adaj.2021.09.008","PMC 8570943.xml",TRUE,TRUE,"10.1016/j.adaj.2021.09.008",FALSE,"",FALSE,"","",TRUE
"609","34749700","","8573761","10.1186/s12903-021-01921-5","PMC 8573761.xml",TRUE,TRUE,"10.1186/s12903-021-01921-5",FALSE,"",FALSE,"","",TRUE
"610","34779905","","8591967","10.1007/s00784-021-04283-y","PMC 8591967.xml",TRUE,TRUE,"10.1007/s00784-021-04283-y",FALSE,"",FALSE,"","",TRUE
"611","34783913","","8593632","10.1007/s00784-021-04265-0","PMC 8593632.xml",TRUE,TRUE,"10.1007/s00784-021-04265-0",FALSE,"",FALSE,"","",TRUE
"612","34799014","","8595926","10.1016/j.adaj.2021.08.009","PMC 8595926.xml",TRUE,TRUE,"10.1016/j.adaj.2021.08.009",FALSE,"",FALSE,"","",TRUE
"613","34414999","","8601643","10.4317/medoral.24742","PMC 8601643.xml",TRUE,TRUE,"10.4317/medoral.24742",FALSE,"",FALSE,"","",TRUE
"614","34798843","","8602991","10.1186/s12903-021-01946-w","PMC 8602991.xml",TRUE,TRUE,"10.1186/s12903-021-01946-w",FALSE,"",FALSE,"","",TRUE
"615","34815483","","8609985","10.1038/s41415-021-3621-8","PMC 8609985.xml",TRUE,FALSE,"10.1038/s41415-021-3621-8",FALSE,"",FALSE,"","",TRUE
"616","34815478","","8609992","10.1038/s41415-021-3613-8","PMC 8609992.xml",TRUE,TRUE,"10.1038/s41415-021-3613-8",FALSE,"",FALSE,"","",TRUE
"617","34824426","","8614625","10.1038/s41415-021-3653-0","PMC 8614625.xml",TRUE,FALSE,"10.1038/s41415-021-3653-0",FALSE,"",FALSE,"","",TRUE
"618","34862006","","8631795","10.1016/j.joms.2021.06.033","PMC 8631795.xml",TRUE,TRUE,"10.1016/j.joms.2021.06.033",FALSE,"",FALSE,"","",TRUE
"619","34854989","","8637059","10.1007/s00784-021-04315-7","PMC 8637059.xml",TRUE,TRUE,"10.1007/s00784-021-04315-7",FALSE,"",FALSE,"","",TRUE
"620","34432307","","8646390","10.1111/jre.12923","PMC 8646390.xml",TRUE,TRUE,"10.1111/jre.12923",FALSE,"",FALSE,"","",TRUE
"621","34338580","","8649409","10.1177/00220345211032885","PMC 8649409.xml",TRUE,TRUE,"10.1177/00220345211032885",FALSE,"",FALSE,"","",TRUE
"622","34520609","","8652620","10.1111/eje.12713","PMC 8652620.xml",TRUE,TRUE,"10.1111/eje.12713",FALSE,"",FALSE,"","",TRUE
"623","34418305","","8652710","10.1111/idh.12548","PMC 8652710.xml",TRUE,TRUE,"10.1111/idh.12548",FALSE,"",FALSE,"","",TRUE
"624","32767625","","8652747","10.1111/ipd.12904","PMC 8652747.xml",TRUE,TRUE,"10.1111/ipd.12904",FALSE,"",FALSE,"","",TRUE
"625","34543521","","8652817","10.1111/eje.12721","PMC 8652817.xml",TRUE,FALSE,"10.1111/eje.12721",FALSE,"",FALSE,"","",TRUE
"626","34532961","","8652854","10.1111/idh.12553","PMC 8652854.xml",TRUE,TRUE,"10.1111/idh.12553",FALSE,"",FALSE,"","",TRUE
"627","34580910","","8652979","10.1111/ger.12591","PMC 8652979.xml",TRUE,TRUE,"10.1111/ger.12591",FALSE,"",FALSE,"","",TRUE
"628","34726347","","8653086","10.1002/cre2.510","PMC 8653086.xml",TRUE,TRUE,"10.1002/cre2.510",FALSE,"",FALSE,"","",TRUE
"629","34628705","","8653299","10.1111/idh.12555","PMC 8653299.xml",TRUE,FALSE,"10.1111/idh.12555",TRUE,"data availability statement",FALSE,"data availability statement the data that support the findings of this study are openly available in [repository name] at [doi","",TRUE
"630","34542905","","8656407","10.1002/jdd.12790","PMC 8656407.xml",TRUE,TRUE,"10.1002/jdd.12790",FALSE,"",FALSE,"","",TRUE
"631","34729773","","8657527","10.1002/jdd.12814","PMC 8657527.xml",TRUE,TRUE,"10.1002/jdd.12814",FALSE,"",FALSE,"","",TRUE
"632","34420217","","8657534","10.1002/jdd.12780","PMC 8657534.xml",TRUE,TRUE,"10.1002/jdd.12780",FALSE,"",FALSE,"","",TRUE
"633","34448289","","8661568","10.1111/odi.14012","PMC 8661568.xml",TRUE,TRUE,"10.1111/odi.14012",FALSE,"",FALSE,"","",TRUE
"634","34496094","","8661672","10.1111/odi.14018","PMC 8661672.xml",TRUE,FALSE,"10.1111/odi.14018",FALSE,"",FALSE,"","",TRUE
"635","34553812","","8661748","10.1111/odi.14027","PMC 8661748.xml",TRUE,TRUE,"10.1111/odi.14027",FALSE,"",FALSE,"","",TRUE
"636","34695290","","8661849","10.1111/odi.14059","PMC 8661849.xml",TRUE,TRUE,"10.1111/odi.14059",FALSE,"",FALSE,"","",TRUE
"637","34463043","","8661855","10.1111/omi.12351","PMC 8661855.xml",TRUE,FALSE,"10.1111/omi.12351",FALSE,"",FALSE,"","",TRUE
"638","34676947","","8661861","10.1111/odi.14043","PMC 8661861.xml",TRUE,TRUE,"10.1111/odi.14043",FALSE,"",FALSE,"","",TRUE
"639","34551177","","8661930","10.1111/odi.14028","PMC 8661930.xml",TRUE,TRUE,"10.1111/odi.14028",FALSE,"",FALSE,"","",TRUE
"640","34634156","","8661960","10.1111/odi.14047","PMC 8661960.xml",TRUE,TRUE,"10.1111/odi.14047",FALSE,"",FALSE,"","",TRUE
"641","34792813","","8662078","10.1111/scd.12669","PMC 8662078.xml",TRUE,TRUE,"10.1111/scd.12669",FALSE,"",FALSE,"","",TRUE
"642","34541739","","8662251","10.1111/odi.14026","PMC 8662251.xml",TRUE,FALSE,"10.1111/odi.14026",FALSE,"",FALSE,"","",TRUE
"643","34893736","","8662668","10.1038/s41415-021-3715-3","PMC 8662668.xml",TRUE,TRUE,"10.1038/s41415-021-3715-3",FALSE,"",FALSE,"","",TRUE
"644","34907336","","8670612","10.1038/s41415-021-3734-0","PMC 8670612.xml",TRUE,TRUE,"10.1038/s41415-021-3734-0",FALSE,"",FALSE,"","",TRUE
"645","34907335","","8670617","10.1038/s41415-021-3758-5","PMC 8670617.xml",TRUE,TRUE,"10.1038/s41415-021-3758-5",FALSE,"",FALSE,"","",TRUE
"646","34991858","","8673818","10.1016/j.prosdent.2021.12.008","PMC 8673818.xml",TRUE,TRUE,"10.1016/j.prosdent.2021.12.008",FALSE,"",FALSE,"","",TRUE
"647","34921266","","8680066","10.1038/s41415-021-3724-2","PMC 8680066.xml",TRUE,TRUE,"10.1038/s41415-021-3724-2",FALSE,"",FALSE,"","",TRUE
"648","34922586","","8683806","10.1186/s13005-021-00304-z","PMC 8683806.xml",TRUE,TRUE,"10.1186/s13005-021-00304-z",FALSE,"",FALSE,"","",TRUE
"649","34655531","","8716086","10.1016/j.joms.2021.08.154","PMC 8716086.xml",TRUE,FALSE,"10.1016/j.joms.2021.08.154",FALSE,"",FALSE,"","",TRUE
"650","33875278","","8777006","10.1016/j.identj.2021.03.003","PMC 8777006.xml",TRUE,FALSE,"10.1016/j.identj.2021.03.003",FALSE,"",FALSE,"","",TRUE
